{
    "utterances": [
        {
            "text": "\u0418\u0437\u043c\u0435\u043d\u0438 \u0446\u0432\u0435\u0442 \u0430\u043a\u0442\u0438\u0432\u043d\u043e\u0439 \u043a\u043d\u043e\u043f\u043a\u0438 \u043d\u0430 #000000",
            "entities": [
                {
                    "entity": "rrel_color:rrel_color",
                    "start": 31,
                    "end": 38,
                    "body": "#000000",
                    "entities": []
                },
                {
                    "entity": "rrel_entity:rrel_entity",
                    "start": 12,
                    "end": 27,
                    "body": "\u0430\u043a\u0442\u0438\u0432\u043d\u043e\u0439 \u043a\u043d\u043e\u043f\u043a\u0438",
                    "entities": []
                }
            ],
            "traits": [],
            "intent": "color_message"
        },
        {
            "text": "\u0418\u0437\u043c\u0435\u043d\u0438 \u0446\u0432\u0435\u0442 \u0432\u0432\u043e\u0434\u0438\u043c\u043e\u0433\u043e \u0442\u0435\u043a\u0441\u0442\u0430 \u043d\u0430 #000000",
            "entities": [
                {
                    "entity": "rrel_entity:rrel_entity",
                    "start": 12,
                    "end": 28,
                    "body": "\u0432\u0432\u043e\u0434\u0438\u043c\u043e\u0433\u043e \u0442\u0435\u043a\u0441\u0442\u0430",
                    "entities": []
                },
                {
                    "entity": "rrel_color:rrel_color",
                    "start": 32,
                    "end": 39,
                    "body": "#000000",
                    "entities": []
                }
            ],
            "traits": [],
            "intent": "color_message"
        },
        {
            "text": "\u0418\u0437\u043c\u0435\u043d\u0438 \u0446\u0432\u0435\u0442 \u0432\u0440\u0435\u043c\u0435\u043d\u0438 \u043d\u0430 #000000",
            "entities": [
                {
                    "entity": "rrel_entity:rrel_entity",
                    "start": 12,
                    "end": 19,
                    "body": "\u0432\u0440\u0435\u043c\u0435\u043d\u0438",
                    "entities": []
                },
                {
                    "entity": "rrel_color:rrel_color",
                    "start": 23,
                    "end": 30,
                    "body": "#000000",
                    "entities": []
                }
            ],
            "traits": [],
            "intent": "color_message"
        },
        {
            "text": "\u0418\u0437\u043c\u0435\u043d\u0438 \u0446\u0432\u0435\u0442 \u0434\u0430\u0442\u044b \u043d\u0430 #000000",
            "entities": [
                {
                    "entity": "rrel_entity:rrel_entity",
                    "start": 12,
                    "end": 16,
                    "body": "\u0434\u0430\u0442\u044b",
                    "entities": []
                },
                {
                    "entity": "rrel_color:rrel_color",
                    "start": 20,
                    "end": 27,
                    "body": "#000000",
                    "entities": []
                }
            ],
            "traits": [],
            "intent": "color_message"
        },
        {
            "text": "\u0418\u0437\u043c\u0435\u043d\u0438 \u0446\u0432\u0435\u0442 \u043a\u043d\u043e\u043f\u043a\u0438 \u043d\u0430 #ffffff",
            "entities": [
                {
                    "entity": "rrel_entity:rrel_entity",
                    "start": 12,
                    "end": 18,
                    "body": "\u043a\u043d\u043e\u043f\u043a\u0438",
                    "entities": []
                },
                {
                    "entity": "rrel_color:rrel_color",
                    "start": 22,
                    "end": 29,
                    "body": "#ffffff",
                    "entities": []
                }
            ],
            "traits": [],
            "intent": "color_message"
        },
        {
            "text": "\u0418\u0437\u043c\u0435\u043d\u0438 \u0446\u0432\u0435\u0442 \u043a\u043e\u043c\u043f\u043e\u043d\u0435\u043d\u0442\u0430 \u0432\u0432\u043e\u0434\u0430 \u0434\u0430\u043d\u043d\u044b\u0445 \u043d\u0430 #fffff",
            "entities": [
                {
                    "entity": "rrel_entity:rrel_entity",
                    "start": 12,
                    "end": 35,
                    "body": "\u043a\u043e\u043c\u043f\u043e\u043d\u0435\u043d\u0442\u0430 \u0432\u0432\u043e\u0434\u0430 \u0434\u0430\u043d\u043d\u044b\u0445",
                    "entities": []
                },
                {
                    "entity": "rrel_color:rrel_color",
                    "start": 39,
                    "end": 45,
                    "body": "#fffff",
                    "entities": []
                }
            ],
            "traits": [],
            "intent": "color_message"
        },
        {
            "text": "\u0418\u0437\u043c\u0435\u043d\u0438 \u0446\u0432\u0435\u0442 \u043e\u0441\u043d\u043e\u0432\u043d\u043e\u0439 \u0447\u0430\u0441\u0442\u0438 \u043d\u0430 #000000",
            "entities": [
                {
                    "entity": "rrel_entity:rrel_entity",
                    "start": 12,
                    "end": 26,
                    "body": "\u043e\u0441\u043d\u043e\u0432\u043d\u043e\u0439 \u0447\u0430\u0441\u0442\u0438",
                    "entities": []
                },
                {
                    "entity": "rrel_color:rrel_color",
                    "start": 30,
                    "end": 37,
                    "body": "#000000",
                    "entities": []
                }
            ],
            "traits": [],
            "intent": "color_message"
        },
        {
            "text": "\u0418\u0437\u043c\u0435\u043d\u0438 \u0446\u0432\u0435\u0442 \u043f\u043e\u043b\u0443\u0447\u0435\u043d\u043d\u043e\u0433\u043e \u0441\u043e\u043e\u0431\u0449\u0435\u043d\u0438\u044f \u043d\u0430 #000000",
            "entities": [
                {
                    "entity": "rrel_entity:rrel_entity",
                    "start": 12,
                    "end": 33,
                    "body": "\u043f\u043e\u043b\u0443\u0447\u0435\u043d\u043d\u043e\u0433\u043e \u0441\u043e\u043e\u0431\u0449\u0435\u043d\u0438\u044f",
                    "entities": []
                },
                {
                    "entity": "rrel_color:rrel_color",
                    "start": 37,
                    "end": 44,
                    "body": "#000000",
                    "entities": []
                }
            ],
            "traits": [],
            "intent": "color_message"
        },
        {
            "text": "\u0418\u0437\u043c\u0435\u043d\u0438 \u0446\u0432\u0435\u0442 \u0442\u0435\u043a\u0441\u0442\u0430 \u0434\u0430\u0442\u044b \u043d\u0430 #000000",
            "entities": [
                {
                    "entity": "rrel_color:rrel_color",
                    "start": 27,
                    "end": 34,
                    "body": "#000000",
                    "entities": []
                },
                {
                    "entity": "rrel_entity:rrel_entity",
                    "start": 12,
                    "end": 23,
                    "body": "\u0442\u0435\u043a\u0441\u0442\u0430 \u0434\u0430\u0442\u044b",
                    "entities": []
                }
            ],
            "traits": [],
            "intent": "color_message"
        },
        {
            "text": "\u0418\u0437\u043c\u0435\u043d\u0438 \u0446\u0432\u0435\u0442 \u0442\u0435\u043a\u0441\u0442\u0430 \u0441\u043e\u043e\u0431\u0449\u0435\u043d\u0438\u044f \u043d\u0430 #000000",
            "entities": [
                {
                    "entity": "rrel_color:rrel_color",
                    "start": 32,
                    "end": 39,
                    "body": "#000000",
                    "entities": []
                },
                {
                    "entity": "rrel_entity:rrel_entity",
                    "start": 12,
                    "end": 28,
                    "body": "\u0442\u0435\u043a\u0441\u0442\u0430 \u0441\u043e\u043e\u0431\u0449\u0435\u043d\u0438\u044f",
                    "entities": []
                }
            ],
            "traits": [],
            "intent": "color_message"
        },
        {
            "text": "\u0418\u0437\u043c\u0435\u043d\u0438 \u0446\u0432\u0435\u0442 \u0444\u0443\u0442\u0435\u0440\u0430 \u043d\u0430 #000000",
            "entities": [
                {
                    "entity": "rrel_entity:rrel_entity",
                    "start": 12,
                    "end": 18,
                    "body": "\u0444\u0443\u0442\u0435\u0440\u0430",
                    "entities": []
                },
                {
                    "entity": "rrel_color:rrel_color",
                    "start": 22,
                    "end": 29,
                    "body": "#000000",
                    "entities": []
                }
            ],
            "traits": [],
            "intent": "color_message"
        },
        {
            "text": "\u0418\u0437\u043c\u0435\u043d\u0438 \u0446\u0432\u0435\u0442 \u0445\u0435\u0434\u0435\u0440\u0430 \u043d\u0430 #00bfff",
            "entities": [
                {
                    "entity": "rrel_entity:rrel_entity",
                    "start": 12,
                    "end": 18,
                    "body": "\u0445\u0435\u0434\u0435\u0440\u0430",
                    "entities": []
                },
                {
                    "entity": "rrel_color:rrel_color",
                    "start": 22,
                    "end": 29,
                    "body": "#00bfff",
                    "entities": []
                }
            ],
            "traits": [],
            "intent": "color_message"
        },
        {
            "text": "\u041f\u043e\u043c\u0435\u043d\u044f\u0439 \u0446\u0432\u0435\u0442 \u043a\u043e\u043c\u043f\u043e\u043d\u0435\u043d\u0442\u0430 \u0432\u044b\u0432\u043e\u0434\u0430 \u0434\u0430\u043d\u043d\u044b\u0445 \u043d\u0430 #000000",
            "entities": [
                {
                    "entity": "rrel_color:rrel_color",
                    "start": 41,
                    "end": 48,
                    "body": "#000000",
                    "entities": []
                },
                {
                    "entity": "rrel_entity:rrel_entity",
                    "start": 13,
                    "end": 38,
                    "body": "\u043a\u043e\u043c\u043f\u043e\u043d\u0435\u043d\u0442\u0430 \u0432\u044b\u0432\u043e\u0434\u0430 \u0434\u0430\u043d\u043d\u044b\u0445 ",
                    "entities": []
                }
            ],
            "traits": [],
            "intent": "color_message"
        },
        {
            "text": "\u0438\u0437\u043c\u0435\u043d\u0438 \u0446\u0432\u0435\u0442 \u043e\u0442\u043f\u0440\u0430\u0432\u043b\u0435\u043d\u043d\u043e\u0433\u043e \u0441\u043e\u043e\u0431\u0449\u0435\u043d\u0438\u044f \u043d\u0430 #000000",
            "entities": [
                {
                    "entity": "rrel_entity:rrel_entity",
                    "start": 12,
                    "end": 35,
                    "body": "\u043e\u0442\u043f\u0440\u0430\u0432\u043b\u0435\u043d\u043d\u043e\u0433\u043e \u0441\u043e\u043e\u0431\u0449\u0435\u043d\u0438\u044f",
                    "entities": []
                },
                {
                    "entity": "rrel_color:rrel_color",
                    "start": 39,
                    "end": 46,
                    "body": "#000000",
                    "entities": []
                }
            ],
            "traits": [],
            "intent": "color_message"
        }
    ]
}
