{
    "name": "rrel_color",
    "roles": [
        "rrel_color"
    ],
    "lookups": [
        "free-text",
        "keywords"
    ],
    "keywords": [
        {
            "keyword": "#000000",
            "synonyms": [
                "#000000"
            ]
        },
        {
            "keyword": "#00bfff",
            "synonyms": [
                "#00bfff"
            ]
        },
        {
            "keyword": "#fffff",
            "synonyms": [
                "#fffff"
            ]
        },
        {
            "keyword": "#ffffff",
            "synonyms": [
                "#ffffff"
            ]
        }
    ]
}
