{
    "utterances": [
        {
            "text": "\u0411\u0430\u0440\u044c\u0435\u0440 \u0432 \u043a\u043e\u043d\u043d\u044b\u0445 \u0441\u043a\u0430\u0447\u043a\u0430\u0445 \u044d\u0442\u043e?",
            "entities": [
                {
                    "entity": "rrel_entity:rrel_entity",
                    "start": 0,
                    "end": 6,
                    "body": "\u0411\u0430\u0440\u044c\u0435\u0440",
                    "entities": []
                }
            ],
            "traits": [],
            "intent": "about_entity"
        },
        {
            "text": "\u0411\u0443\u0446\u0435\u0444\u0430\u043b \u044d\u0442\u043e?",
            "entities": [
                {
                    "entity": "rrel_entity:rrel_entity",
                    "start": 0,
                    "end": 7,
                    "body": "\u0411\u0443\u0446\u0435\u0444\u0430\u043b",
                    "entities": []
                }
            ],
            "traits": [],
            "intent": "about_entity_examples"
        },
        {
            "text": "\u0413\u043b\u0430\u0434\u043a\u0438\u0435 \u043a\u043e\u043d\u043d\u044b\u0435 \u0441\u043a\u0430\u0447\u043a\u0438 - \u044d\u0442\u043e \u0447\u0442\u043e?",
            "entities": [
                {
                    "entity": "rrel_entity:rrel_entity",
                    "start": 0,
                    "end": 21,
                    "body": "\u0413\u043b\u0430\u0434\u043a\u0438\u0435 \u043a\u043e\u043d\u043d\u044b\u0435 \u0441\u043a\u0430\u0447\u043a\u0438",
                    "entities": []
                }
            ],
            "traits": [],
            "intent": "about_entity"
        },
        {
            "text": "\u041a\u0430\u043a\u043e\u0439 \u0441\u0430\u043c\u044b\u0439 \u0438\u0437\u0432\u0435\u0441\u0442\u043d\u044b\u0439 \u0438\u043f\u043f\u043e\u0434\u0440\u043e\u043c \u0442\u044b \u0437\u043d\u0430\u0435\u0448\u044c?",
            "entities": [
                {
                    "entity": "rrel_entity:rrel_entity",
                    "start": 22,
                    "end": 30,
                    "body": "\u0438\u043f\u043f\u043e\u0434\u0440\u043e\u043c",
                    "entities": []
                }
            ],
            "traits": [],
            "intent": "about_entity"
        },
        {
            "text": "\u041a\u043e\u043d\u044e\u0448\u043d\u044f \u2014 \u044d\u0442\u043e?",
            "entities": [
                {
                    "entity": "rrel_entity:rrel_entity",
                    "start": 0,
                    "end": 7,
                    "body": "\u041a\u043e\u043d\u044e\u0448\u043d\u044f",
                    "entities": []
                }
            ],
            "traits": [],
            "intent": "about_entity"
        },
        {
            "text": "\u041a\u0442\u043e \u0442\u0430\u043a\u0430\u044f \u041d\u0438\u043a\u0430",
            "entities": [
                {
                    "entity": "rrel_entity:rrel_entity",
                    "start": 10,
                    "end": 14,
                    "body": "\u041d\u0438\u043a\u0430",
                    "entities": []
                }
            ],
            "traits": [],
            "intent": "about_entity"
        },
        {
            "text": "\u041a\u0442\u043e \u0442\u0430\u043a\u043e\u0439 \u0422\u043e\u043d\u0438 \u041c\u0430\u043a\u041a\u043b\u043e\u0443",
            "entities": [
                {
                    "entity": "rrel_entity:rrel_entity",
                    "start": 10,
                    "end": 22,
                    "body": "\u0422\u043e\u043d\u0438 \u041c\u0430\u043a\u041a\u043b\u043e\u0443",
                    "entities": []
                }
            ],
            "traits": [],
            "intent": "about_entity_examples"
        },
        {
            "text": "\u0427\u0442\u043e \u0442\u0430\u043a\u043e\u0435 \u0433\u0430\u043d\u0434\u0438\u043a\u0430\u043f?",
            "entities": [
                {
                    "entity": "rrel_entity:rrel_entity",
                    "start": 10,
                    "end": 18,
                    "body": "\u0433\u0430\u043d\u0434\u0438\u043a\u0430\u043f",
                    "entities": []
                }
            ],
            "traits": [],
            "intent": "about_entity"
        },
        {
            "text": "\u0427\u0442\u043e \u0442\u0430\u043a\u043e\u0435 \u043a\u0430\u0432\u0430\u043b\u0435\u0442\u0442\u0438?",
            "entities": [
                {
                    "entity": "rrel_entity:rrel_entity",
                    "start": 10,
                    "end": 19,
                    "body": "\u043a\u0430\u0432\u0430\u043b\u0435\u0442\u0442\u0438",
                    "entities": []
                }
            ],
            "traits": [],
            "intent": "about_entity"
        },
        {
            "text": "\u0427\u0442\u043e \u0442\u0430\u043a\u043e\u0435 \u043a\u043e\u043d\u043d\u044b\u0435 \u0441\u043a\u0430\u0447\u043a\u0438?",
            "entities": [
                {
                    "entity": "rrel_entity:rrel_entity",
                    "start": 10,
                    "end": 23,
                    "body": "\u043a\u043e\u043d\u043d\u044b\u0435 \u0441\u043a\u0430\u0447\u043a\u0438",
                    "entities": []
                }
            ],
            "traits": [],
            "intent": "about_entity"
        },
        {
            "text": "\u0427\u0442\u043e \u0442\u0430\u043a\u043e\u0435 \u043a\u043e\u043d\u044c?",
            "entities": [
                {
                    "entity": "rrel_entity:rrel_entity",
                    "start": 10,
                    "end": 14,
                    "body": "\u043a\u043e\u043d\u044c",
                    "entities": []
                }
            ],
            "traits": [],
            "intent": "about_entity"
        },
        {
            "text": "\u0427\u0442\u043e \u0442\u0430\u043a\u043e\u0435 \u043c\u0430\u0440\u0448\u0440\u0443\u0442?",
            "entities": [
                {
                    "entity": "rrel_entity:rrel_entity",
                    "start": 10,
                    "end": 17,
                    "body": "\u043c\u0430\u0440\u0448\u0440\u0443\u0442",
                    "entities": []
                }
            ],
            "traits": [],
            "intent": "about_entity"
        },
        {
            "text": "\u0427\u0442\u043e \u0442\u0430\u043a\u043e\u0435 \u0441\u0442\u0438\u043f\u043b\u044c\u0447\u0435\u0441?",
            "entities": [
                {
                    "entity": "rrel_entity:rrel_entity",
                    "start": 10,
                    "end": 19,
                    "body": "\u0441\u0442\u0438\u043f\u043b\u044c\u0447\u0435\u0441",
                    "entities": []
                }
            ],
            "traits": [],
            "intent": "about_entity"
        },
        {
            "text": "\u0427\u0442\u043e \u0442\u044b \u0437\u043d\u0430\u0435\u0448\u044c \u043e \u0432\u043b\u0430\u0434\u0435\u043b\u044c\u0446\u0435 \u0441\u043a\u0430\u043a\u043e\u0432\u043e\u0439 \u043b\u043e\u0448\u0430\u0434\u0438?",
            "entities": [
                {
                    "entity": "rrel_entity:rrel_entity",
                    "start": 16,
                    "end": 34,
                    "body": "\u0432\u043b\u0430\u0434\u0435\u043b\u044c\u0446\u0435 \u0441\u043a\u0430\u043a\u043e\u0432\u043e\u0439",
                    "entities": []
                }
            ],
            "traits": [],
            "intent": "about_entity"
        },
        {
            "text": "\u0427\u0442\u043e \u0442\u044b \u0437\u043d\u0430\u0435\u0448\u044c \u043e \u043a\u0435\u043d\u0442\u0443\u0446\u043a\u0438\u0445 \u0434\u0435\u0440\u0431\u0438?",
            "entities": [
                {
                    "entity": "rrel_entity:rrel_entity",
                    "start": 16,
                    "end": 31,
                    "body": "\u043a\u0435\u043d\u0442\u0443\u0446\u043a\u0438\u0445 \u0434\u0435\u0440\u0431\u0438",
                    "entities": []
                }
            ],
            "traits": [],
            "intent": "about_entity"
        },
        {
            "text": "\u0427\u0442\u043e \u0442\u044b \u0437\u043d\u0430\u0435\u0448\u044c \u043e \u043f\u0430\u0434\u0435\u043d\u0438\u0438 \u0432 \u043a\u043e\u043d\u043d\u044b\u0445 \u0441\u043a\u0430\u0447\u043a\u0430\u0445?",
            "entities": [
                {
                    "entity": "rrel_entity:rrel_entity",
                    "start": 16,
                    "end": 23,
                    "body": "\u043f\u0430\u0434\u0435\u043d\u0438\u0438",
                    "entities": []
                },
                {
                    "entity": "rrel_entity:rrel_entity",
                    "start": 26,
                    "end": 40,
                    "body": "\u043a\u043e\u043d\u043d\u044b\u0445 \u0441\u043a\u0430\u0447\u043a\u0430\u0445",
                    "entities": []
                }
            ],
            "traits": [],
            "intent": "about_entity"
        },
        {
            "text": "\u0427\u0442\u043e \u0442\u044b \u0437\u043d\u0430\u0435\u0448\u044c \u043e \u043f\u0440\u0435\u043f\u044f\u0442\u0441\u0442\u0432\u0438\u0438 \u0431\u0430\u0440\u044c\u0435\u0440?",
            "entities": [
                {
                    "entity": "rrel_entity:rrel_entity",
                    "start": 16,
                    "end": 26,
                    "body": "\u043f\u0440\u0435\u043f\u044f\u0442\u0441\u0442\u0432\u0438",
                    "entities": []
                },
                {
                    "entity": "rrel_entity:rrel_entity",
                    "start": 28,
                    "end": 34,
                    "body": "\u0431\u0430\u0440\u044c\u0435\u0440",
                    "entities": []
                }
            ],
            "traits": [],
            "intent": "about_entity"
        },
        {
            "text": "\u0427\u0442\u043e \u0442\u044b \u0437\u043d\u0430\u0435\u0448\u044c \u043e \u043f\u0440\u0435\u043f\u044f\u0442\u0441\u0442\u0432\u0438\u0438 \u0448\u043b\u0430\u043a\u0431\u0430\u0443\u043c?",
            "entities": [
                {
                    "entity": "rrel_entity:rrel_entity",
                    "start": 16,
                    "end": 26,
                    "body": "\u043f\u0440\u0435\u043f\u044f\u0442\u0441\u0442\u0432\u0438",
                    "entities": []
                },
                {
                    "entity": "rrel_entity:rrel_entity",
                    "start": 28,
                    "end": 36,
                    "body": "\u0448\u043b\u0430\u043a\u0431\u0430\u0443\u043c",
                    "entities": []
                }
            ],
            "traits": [],
            "intent": "about_entity"
        },
        {
            "text": "\u0427\u0442\u043e \u0442\u044b \u0437\u043d\u0430\u0435\u0448\u044c \u043e \u0441\u0443\u0434\u044c\u044f\u0445?",
            "entities": [
                {
                    "entity": "rrel_entity:rrel_entity",
                    "start": 16,
                    "end": 22,
                    "body": "\u0441\u0443\u0434\u044c\u044f\u0445",
                    "entities": []
                }
            ],
            "traits": [],
            "intent": "about_entity"
        },
        {
            "text": "\u0427\u0442\u043e \u0442\u044b \u0437\u043d\u0430\u0435\u0448\u044c \u043e \u0448\u0442\u0440\u0430\u0444\u043d\u044b\u0445 \u043e\u0447\u043a\u0430\u0445 \u0432 \u043a\u043e\u043d\u043d\u044b\u0445 \u0441\u043a\u0430\u0447\u043a\u0430\u0445?",
            "entities": [
                {
                    "entity": "rrel_entity:rrel_entity",
                    "start": 16,
                    "end": 24,
                    "body": "\u0448\u0442\u0440\u0430\u0444\u043d\u044b\u0445",
                    "entities": []
                },
                {
                    "entity": "rrel_entity:rrel_entity",
                    "start": 33,
                    "end": 47,
                    "body": "\u043a\u043e\u043d\u043d\u044b\u0445 \u0441\u043a\u0430\u0447\u043a\u0430\u0445",
                    "entities": []
                }
            ],
            "traits": [],
            "intent": "about_entity"
        }
    ]
}
