{
    "utterances": [
        {
            "text": "\u041f\u043e\u0441\u043e\u0432\u0435\u0442\u0443\u0439 \u0434\u043e\u0441\u0442\u043e\u043f\u0440\u0438\u043c\u0435\u0447\u0430\u0442\u0435\u043b\u044c\u043d\u043e\u0441\u0442\u0438 \u0431\u0435\u043b\u0430\u0440\u0443\u0441\u0438",
            "entities": [
                {
                    "entity": "rrel_entity:rrel_entity",
                    "start": 32,
                    "end": 40,
                    "body": "\u0431\u0435\u043b\u0430\u0440\u0443\u0441\u0438",
                    "entities": []
                }
            ],
            "traits": [],
            "intent": "belarus"
        },
        {
            "text": "\u0420\u0430\u0441\u0441\u043a\u0430\u0436\u0438 \u043f\u0440\u043e \u043b\u0438\u043d\u0438\u044f \u0441\u0442\u0430\u043b\u0438\u043d\u0430",
            "entities": [
                {
                    "entity": "rrel_entity:rrel_entity",
                    "start": 19,
                    "end": 26,
                    "body": "\u0441\u0442\u0430\u043b\u0438\u043d\u0430",
                    "entities": []
                }
            ],
            "traits": [],
            "intent": "line_stalina"
        },
        {
            "text": "\u0427\u0442\u043e \u0442\u0430\u043a\u043e\u0435 \u0434\u043e\u0441\u0442\u043e\u043f\u0440\u0438\u043c\u0435\u0447\u0430\u0442\u0435\u043b\u044c\u043d\u043e\u0441\u0442\u044c?",
            "entities": [
                {
                    "entity": "rrel_entity:rrel_entity",
                    "start": 10,
                    "end": 31,
                    "body": "\u0434\u043e\u0441\u0442\u043e\u043f\u0440\u0438\u043c\u0435\u0447\u0430\u0442\u0435\u043b\u044c\u043d\u043e\u0441\u0442\u044c",
                    "entities": []
                }
            ],
            "traits": [],
            "intent": "sight"
        },
        {
            "text": "\u0427\u0442\u043e \u0442\u0435\u0431\u0435 \u0438\u0437\u0432\u0435\u0441\u0442\u043d\u043e \u043e \u0437\u0430\u043c\u043a\u0435?",
            "entities": [
                {
                    "entity": "rrel_entity:rrel_entity",
                    "start": 20,
                    "end": 25,
                    "body": "\u0437\u0430\u043c\u043a\u0435",
                    "entities": []
                }
            ],
            "traits": [],
            "intent": "castle"
        },
        {
            "text": "\u043a\u0430\u043a \u0434\u043e\u0431\u0440\u0430\u0442\u044c\u0441\u044f \u0434\u043e \u043d\u0435\u0441\u0432\u0438\u0436\u0430?",
            "entities": [
                {
                    "entity": "rrel_entity:rrel_entity",
                    "start": 17,
                    "end": 24,
                    "body": "\u043d\u0435\u0441\u0432\u0438\u0436\u0430",
                    "entities": []
                }
            ],
            "traits": [],
            "intent": "nesvizh"
        },
        {
            "text": "\u0447\u0442\u043e \u0442\u044b \u0437\u043d\u0430\u0435\u0448\u044c \u043f\u0440\u043e \u043b\u0438\u0434\u0441\u043a\u0438\u0439 \u0437\u0430\u043c\u043a\u0430",
            "entities": [
                {
                    "entity": "rrel_entity:rrel_entity",
                    "start": 18,
                    "end": 25,
                    "body": "\u043b\u0438\u0434\u0441\u043a\u0438\u0439",
                    "entities": []
                }
            ],
            "traits": [],
            "intent": "lida_castle"
        },
        {
            "text": "\u0447\u0442\u043e \u0442\u044b \u0437\u043d\u0430\u0435\u0448\u044c \u043f\u0440\u043e \u043c\u0438\u0440\u0441\u043a\u0438\u0439 \u0437\u0430\u043c\u043e\u043a",
            "entities": [
                {
                    "entity": "rrel_entity:rrel_entity",
                    "start": 18,
                    "end": 26,
                    "body": "\u043c\u0438\u0440\u0441\u043a\u0438\u0439 ",
                    "entities": []
                }
            ],
            "traits": [],
            "intent": "mir_castle"
        },
        {
            "text": "\u0447\u0442\u043e \u0442\u044b \u0437\u043d\u0430\u0435\u0448\u044c \u043f\u0440\u043e \u043d\u0435\u0441\u0432\u0438\u0436\u0441\u043a\u0438\u0439 \u0437\u0430\u043c\u043e\u043a?",
            "entities": [
                {
                    "entity": "rrel_entity:rrel_entity",
                    "start": 18,
                    "end": 34,
                    "body": "\u043d\u0435\u0441\u0432\u0438\u0436\u0441\u043a\u0438\u0439 \u0437\u0430\u043c\u043e\u043a",
                    "entities": []
                }
            ],
            "traits": [],
            "intent": "nesvizh_castle"
        }
    ]
}
