{
    "name": "rrel_entity",
    "roles": [
        "rrel_entity"
    ],
    "lookups": [
        "free-text",
        "keywords"
    ],
    "keywords": [
        {
            "keyword": "\u0431\u0435\u0448\u0435\u043d\u0430\u044f \u043f\u0447\u0435\u043b\u043a\u0430",
            "synonyms": [
                "\u0431\u0435\u0448\u0435\u043d\u0430\u044f \u043f\u0447\u0435\u043b\u043a\u0430"
            ]
        },
        {
            "keyword": "\u0432\u043a\u0443\u0441\u043d\u043e\u0435",
            "synonyms": [
                "\u0432\u043a\u0443\u0441\u043d\u043e\u0435"
            ]
        },
        {
            "keyword": "\u043a\u043e\u043d\u0434\u0438\u0442\u0435\u0440\u0441\u043a\u043e\u0435 \u0438\u0437\u0434\u0435\u043b\u043d\u0438\u0435",
            "synonyms": [
                "\u043a\u043e\u043d\u0434\u0438\u0442\u0435\u0440\u0441\u043a\u043e\u0435 \u0438\u0437\u0434\u0435\u043b\u043d\u0438\u0435"
            ]
        },
        {
            "keyword": "\u043a\u043e\u043d\u0444\u0435\u0442\u044b",
            "synonyms": [
                "\u043a\u043e\u043d\u0444\u0435\u0442\u044b"
            ]
        },
        {
            "keyword": "\u043a\u0440\u0443\u0430\u0441\u0430\u043d",
            "synonyms": [
                "\u043a\u0440\u0443\u0430\u0441\u0430\u043d"
            ]
        },
        {
            "keyword": "\u043f\u0442\u0438\u0447\u044c\u0435\u043c \u043c\u043e\u043b\u043e\u043a\u0435",
            "synonyms": [
                "\u043f\u0442\u0438\u0447\u044c\u0435\u043c \u043c\u043e\u043b\u043e\u043a\u0435"
            ]
        },
        {
            "keyword": "\u0442\u043e\u0440\u0442",
            "synonyms": [
                "\u0442\u043e\u0440\u0442"
            ]
        },
        {
            "keyword": "\u0448\u0438\u043f\u0443\u0447\u043a\u0430",
            "synonyms": [
                "\u0448\u0438\u043f\u0443\u0447\u043a\u0430"
            ]
        }
    ]
}
