{
    "utterances": [
        {
            "text": "\u041a\u0430\u043a\u0438\u0435 \u0442\u0443\u0440\u043d\u0438\u0440\u044b Dota 2 \u0442\u044b \u0437\u043d\u0430\u0435\u0448\u044c?",
            "entities": [
                {
                    "entity": "rrel_entity:rrel_entity",
                    "start": 6,
                    "end": 21,
                    "body": "\u0442\u0443\u0440\u043d\u0438\u0440\u044b Dota 2 ",
                    "entities": []
                }
            ],
            "traits": [],
            "intent": "about_entity_examples"
        },
        {
            "text": "\u041a\u0430\u043a\u043e\u0432 \u043f\u0440\u0438\u0437\u043e\u0432\u043e\u0439 \u0444\u043e\u043d\u0434 \u0442\u0443\u0440\u043d\u0438\u0440\u0430 League of Legends European Championship 2019 Spring Season?",
            "entities": [
                {
                    "entity": "rrel_property:rrel_property",
                    "start": 6,
                    "end": 19,
                    "body": "\u043f\u0440\u0438\u0437\u043e\u0432\u043e\u0439 \u0444\u043e\u043d\u0434",
                    "entities": []
                },
                {
                    "entity": "rrel_entity:rrel_entity",
                    "start": 28,
                    "end": 86,
                    "body": "League of Legends European Championship 2019 Spring Season",
                    "entities": []
                }
            ],
            "traits": [],
            "intent": "entity_property"
        },
        {
            "text": "\u041a\u0430\u043a\u043e\u0439 \u043f\u0440\u0438\u0437\u043e\u0432\u043e\u0439 \u0444\u043e\u043d\u0434 \u0442\u0443\u0440\u043d\u0438\u0440\u0430 League of Legends European Championship 2019 Spring Season?",
            "entities": [
                {
                    "entity": "rrel_property:rrel_property",
                    "start": 6,
                    "end": 19,
                    "body": "\u043f\u0440\u0438\u0437\u043e\u0432\u043e\u0439 \u0444\u043e\u043d\u0434",
                    "entities": []
                },
                {
                    "entity": "rrel_entity:rrel_entity",
                    "start": 28,
                    "end": 86,
                    "body": "League of Legends European Championship 2019 Spring Season",
                    "entities": []
                }
            ],
            "traits": [],
            "intent": "entity_property"
        },
        {
            "text": "\u041f\u0435\u0440\u0435\u0447\u0438\u0441\u043b\u0438 \u0442\u0443\u0440\u043d\u0438\u0440\u044b Dota 2.",
            "entities": [
                {
                    "entity": "rrel_entity:rrel_entity",
                    "start": 10,
                    "end": 24,
                    "body": "\u0442\u0443\u0440\u043d\u0438\u0440\u044b Dota 2",
                    "entities": []
                }
            ],
            "traits": [],
            "intent": "about_entity_examples"
        },
        {
            "text": "\u0420\u0430\u0441\u0441\u043a\u0430\u0436\u0438 \u043e Dota 2",
            "entities": [
                {
                    "entity": "rrel_entity:rrel_entity",
                    "start": 11,
                    "end": 17,
                    "body": "Dota 2",
                    "entities": []
                }
            ],
            "traits": [],
            "intent": "about_entity"
        },
        {
            "text": "\u0420\u0430\u0441\u0441\u043a\u0430\u0436\u0438 \u043e League of Legends",
            "entities": [
                {
                    "entity": "rrel_entity:rrel_entity",
                    "start": 11,
                    "end": 28,
                    "body": "League of Legends",
                    "entities": []
                }
            ],
            "traits": [],
            "intent": "about_entity"
        },
        {
            "text": "\u0420\u0430\u0441\u0441\u043a\u0430\u0436\u0438 \u043f\u0440\u043e League of Legends",
            "entities": [
                {
                    "entity": "rrel_entity:rrel_entity",
                    "start": 13,
                    "end": 30,
                    "body": "League of Legends",
                    "entities": []
                }
            ],
            "traits": [],
            "intent": "about_entity"
        },
        {
            "text": "\u0427\u0442\u043e \u0442\u0430\u043a\u043e\u0435 Dota 2?",
            "entities": [
                {
                    "entity": "rrel_entity:rrel_entity",
                    "start": 10,
                    "end": 16,
                    "body": "Dota 2",
                    "entities": []
                }
            ],
            "traits": [],
            "intent": "about_entity"
        },
        {
            "text": "\u0427\u0442\u043e \u0442\u0430\u043a\u043e\u0435 League of Legends?",
            "entities": [
                {
                    "entity": "rrel_entity:rrel_entity",
                    "start": 10,
                    "end": 27,
                    "body": "League of Legends",
                    "entities": []
                }
            ],
            "traits": [],
            "intent": "about_entity"
        },
        {
            "text": "\u0427\u0442\u043e \u0442\u044b \u0437\u043d\u0430\u0435\u0448\u044c \u043e Dota 2?",
            "entities": [
                {
                    "entity": "rrel_entity:rrel_entity",
                    "start": 16,
                    "end": 22,
                    "body": "Dota 2",
                    "entities": []
                }
            ],
            "traits": [],
            "intent": "about_entity"
        }
    ]
}
