{
    "name": "rrel_entity",
    "roles": [
        "rrel_entity"
    ],
    "lookups": [
        "free-text",
        "keywords"
    ],
    "keywords": [
        {
            "keyword": "\u0431\u0435\u043b\u0430\u0440\u0443\u0441\u0438",
            "synonyms": [
                "\u0431\u0435\u043b\u0430\u0440\u0443\u0441\u0438"
            ]
        },
        {
            "keyword": "\u0434\u043e\u0441\u0442\u043e\u043f\u0440\u0438\u043c\u0435\u0447\u0430\u0442\u0435\u043b\u044c\u043d\u043e\u0441\u0442\u044c",
            "synonyms": [
                "\u0434\u043e\u0441\u0442\u043e\u043f\u0440\u0438\u043c\u0435\u0447\u0430\u0442\u0435\u043b\u044c\u043d\u043e\u0441\u0442\u044c"
            ]
        },
        {
            "keyword": "\u0437\u0430\u043c\u043a\u0435",
            "synonyms": [
                "\u0437\u0430\u043c\u043a\u0435"
            ]
        },
        {
            "keyword": "\u043b\u0438\u0434\u0441\u043a\u0438\u0439",
            "synonyms": [
                "\u043b\u0438\u0434\u0441\u043a\u0438\u0439"
            ]
        },
        {
            "keyword": "\u043c\u0438\u0440\u0441\u043a\u0438\u0439",
            "synonyms": [
                "\u043c\u0438\u0440\u0441\u043a\u0438\u0439"
            ]
        },
        {
            "keyword": "\u043d\u0435\u0441\u0432\u0438\u0436\u0430",
            "synonyms": [
                "\u043d\u0435\u0441\u0432\u0438\u0436\u0430"
            ]
        },
        {
            "keyword": "\u043d\u0435\u0441\u0432\u0438\u0436\u0441\u043a\u0438\u0439 \u0437\u0430\u043c\u043e\u043a",
            "synonyms": [
                "\u043d\u0435\u0441\u0432\u0438\u0436\u0441\u043a\u0438\u0439 \u0437\u0430\u043c\u043e\u043a"
            ]
        },
        {
            "keyword": "\u0441\u0442\u0430\u043b\u0438\u043d\u0430",
            "synonyms": [
                "\u0441\u0442\u0430\u043b\u0438\u043d\u0430"
            ]
        }
    ]
}
