{
    "name": "rrel_entity",
    "roles": [
        "rrel_entity"
    ],
    "lookups": [
        "free-text",
        "keywords"
    ],
    "keywords": [
        {
            "keyword": "\u0411\u0430\u0440\u044c\u0435\u0440",
            "synonyms": [
                "\u0411\u0430\u0440\u044c\u0435\u0440",
                "\u0431\u0430\u0440\u044c\u0435\u0440"
            ]
        },
        {
            "keyword": "\u0411\u0443\u0446\u0435\u0444\u0430\u043b",
            "synonyms": [
                "\u0411\u0443\u0446\u0435\u0444\u0430\u043b"
            ]
        },
        {
            "keyword": "\u0412\u043b\u0430\u0434\u0435\u043b\u0435\u0446 \u0441\u043a\u0430\u043a\u043e\u0432\u043e\u0439 \u043b\u043e\u0448\u0430\u0434\u0438",
            "synonyms": [
                "\u0412\u043b\u0430\u0434\u0435\u043b\u0435\u0446 \u0441\u043a\u0430\u043a\u043e\u0432\u043e\u0439 \u043b\u043e\u0448\u0430\u0434\u0438",
                "\u0432\u043b\u0430\u0434\u0435\u043b\u0435\u0446"
            ]
        },
        {
            "keyword": "\u0413\u043b\u0430\u0434\u043a\u0438\u0435 \u043a\u043e\u043d\u043d\u044b\u0435 \u0441\u043a\u0430\u0447\u043a\u0438",
            "synonyms": [
                "\u0413\u043b\u0430\u0434\u043a\u0438\u0435 \u043a\u043e\u043d\u043d\u044b\u0435 \u0441\u043a\u0430\u0447\u043a\u0438"
            ]
        },
        {
            "keyword": "\u0416\u043e\u043a\u0435\u0439",
            "synonyms": [
                "\u0416\u043e\u043a\u0435\u0439",
                "\u0432\u0441\u0430\u0434\u043d\u0438\u043a"
            ]
        },
        {
            "keyword": "\u0418\u043f\u043f\u043e\u0434\u0440\u043e\u043c",
            "synonyms": [
                "\u0418\u043f\u043f\u043e\u0434\u0440\u043e\u043c",
                "\u0438\u043f\u043f\u043e\u0434\u0440\u043e\u043c"
            ]
        },
        {
            "keyword": "\u041a\u043e\u043d\u043d\u044b\u0435 \u0441\u043a\u0430\u0447\u043a\u0438",
            "synonyms": [
                "\u041a\u043e\u043d\u043d\u044b\u0435 \u0441\u043a\u0430\u0447\u043a\u0438",
                "\u043a\u043e\u043d\u043d\u044b\u0435 \u0441\u043a\u0430\u0447\u043a\u0438",
                "\u043a\u043e\u043d\u043d\u044b\u0445 \u0441\u043a\u0430\u0447\u043a\u0430\u0445"
            ]
        },
        {
            "keyword": "\u041a\u043e\u043d\u044c",
            "synonyms": [
                "\u041a\u043e\u043d\u044c",
                "\u043a\u043e\u043d\u044c",
                "\u043b\u043e\u0448\u0430\u0434\u044c"
            ]
        },
        {
            "keyword": "\u041a\u043e\u043d\u044e\u0448\u043d\u044f",
            "synonyms": [
                "\u041a\u043e\u043d\u044e\u0448\u043d\u044f"
            ]
        },
        {
            "keyword": "\u041d\u0438\u043a\u0430",
            "synonyms": [
                "\u041d\u0438\u043a\u0430"
            ]
        },
        {
            "keyword": "\u041f\u0440\u0435\u043f\u044f\u0442\u0441\u0442\u0432\u0438\u0435",
            "synonyms": [
                "\u041f\u0440\u0435\u043f\u044f\u0442\u0441\u0442\u0432\u0438\u0435",
                "\u043f\u0440\u0435\u043f\u044f\u0442\u0441\u0442\u0432\u0438"
            ]
        },
        {
            "keyword": "\u0421\u0435\u0434\u043b\u043e",
            "synonyms": [
                "\u0421\u0435\u0434\u043b\u043e"
            ]
        },
        {
            "keyword": "\u0422\u043e\u043d\u0438 \u041c\u0430\u043a\u041a\u043b\u043e\u0443",
            "synonyms": [
                "\u0422\u043e\u043d\u0438 \u041c\u0430\u043a\u041a\u043b\u043e\u0443"
            ]
        },
        {
            "keyword": "\u0432\u043b\u0430\u0434\u0435\u043b\u044c\u0446\u0435 \u0441\u043a\u0430\u043a\u043e\u0432\u043e\u0439",
            "synonyms": [
                "\u0432\u043b\u0430\u0434\u0435\u043b\u044c\u0446\u0435 \u0441\u043a\u0430\u043a\u043e\u0432\u043e\u0439"
            ]
        },
        {
            "keyword": "\u0433\u0430\u043d\u0434\u0438\u043a\u0430\u043f",
            "synonyms": [
                "\u0433\u0430\u043d\u0434\u0438\u043a\u0430\u043f"
            ]
        },
        {
            "keyword": "\u043a\u0430\u0432\u0430\u043b\u0435\u0442\u0442\u0438",
            "synonyms": [
                "\u043a\u0430\u0432\u0430\u043b\u0435\u0442\u0442\u0438"
            ]
        },
        {
            "keyword": "\u043a\u0435\u043d\u0442\u0443\u0446\u043a\u0438\u0445 \u0434\u0435\u0440\u0431\u0438",
            "synonyms": [
                "\u043a\u0435\u043d\u0442\u0443\u0446\u043a\u0438\u0445 \u0434\u0435\u0440\u0431\u0438"
            ]
        },
        {
            "keyword": "\u043c\u0430\u0440\u0448\u0440\u0443\u0442",
            "synonyms": [
                "\u043c\u0430\u0440\u0448\u0440\u0443\u0442"
            ]
        },
        {
            "keyword": "\u043f\u0430\u0434\u0435\u043d\u0438\u0435",
            "synonyms": [
                "\u043f\u0430\u0434\u0435\u043d\u0438\u0435",
                "\u043f\u0430\u0434\u0435\u043d\u0438\u0438"
            ]
        },
        {
            "keyword": "\u0441\u0442\u0438\u043f\u043b\u044c\u0447\u0435\u0441",
            "synonyms": [
                "\u0441\u0442\u0438\u043f\u043b\u044c\u0447\u0435\u0441"
            ]
        },
        {
            "keyword": "\u0441\u0443\u0434\u044c\u044f\u0445",
            "synonyms": [
                "\u0441\u0443\u0434\u044c\u044f\u0445"
            ]
        },
        {
            "keyword": "\u0448\u043b\u0430\u043a\u0431\u0430\u0443\u043c",
            "synonyms": [
                "\u0448\u043b\u0430\u043a\u0431\u0430\u0443\u043c"
            ]
        },
        {
            "keyword": "\u0448\u0442\u0440\u0430\u0444\u043d\u044b\u0445 \u043e\u0447\u043a\u0430\u0445",
            "synonyms": [
                "\u0448\u0442\u0440\u0430\u0444\u043d\u044b\u0445",
                "\u0448\u0442\u0440\u0430\u0444\u043d\u044b\u0445 \u043e\u0447\u043a\u0430\u0445"
            ]
        }
    ]
}
