{
    "utterances": [
        {
            "text": "\u041a\u0430\u043a \u043f\u0440\u0438\u0433\u043e\u0442\u043e\u0432\u0438\u0442\u044c \u043a\u0440\u0443\u0430\u0441\u0430\u043d?",
            "entities": [
                {
                    "entity": "rrel_entity:rrel_entity",
                    "start": 16,
                    "end": 23,
                    "body": "\u043a\u0440\u0443\u0430\u0441\u0430\u043d",
                    "entities": []
                }
            ],
            "traits": [],
            "intent": "croissant"
        },
        {
            "text": "\u041a\u0430\u043a\u0438\u0435 \u043a\u043e\u043d\u0444\u0435\u0442\u044b \u0442\u044b \u0437\u043d\u0430\u0435\u0448\u044c?",
            "entities": [
                {
                    "entity": "rrel_entity:rrel_entity",
                    "start": 6,
                    "end": 13,
                    "body": "\u043a\u043e\u043d\u0444\u0435\u0442\u044b",
                    "entities": []
                }
            ],
            "traits": [],
            "intent": "ask_candy"
        },
        {
            "text": "\u041f\u043e\u0441\u043e\u0432\u0435\u0442\u0443\u0439 \u0447\u0442\u043e-\u043d\u0438\u0431\u0443\u0434\u044c \u0432\u043a\u0443\u0441\u043d\u043e\u0435",
            "entities": [
                {
                    "entity": "rrel_entity:rrel_entity",
                    "start": 21,
                    "end": 28,
                    "body": "\u0432\u043a\u0443\u0441\u043d\u043e\u0435",
                    "entities": []
                }
            ],
            "traits": [],
            "intent": "something_tasty"
        },
        {
            "text": "\u0420\u0430\u0441\u0441\u043a\u0430\u0436\u0438 \u043f\u0440\u043e \u043a\u043e\u043d\u0444\u0435\u0442\u0443 \u0431\u0435\u0448\u0435\u043d\u0430\u044f \u043f\u0447\u0435\u043b\u043a\u0430",
            "entities": [
                {
                    "entity": "rrel_entity:rrel_entity",
                    "start": 21,
                    "end": 35,
                    "body": "\u0431\u0435\u0448\u0435\u043d\u0430\u044f \u043f\u0447\u0435\u043b\u043a\u0430",
                    "entities": []
                }
            ],
            "traits": [],
            "intent": "candy_rapid_bee"
        },
        {
            "text": "\u0427\u0442\u043e \u0442\u0430\u043a\u043e\u0435 \u043a\u043e\u043d\u0434\u0438\u0442\u0435\u0440\u0441\u043a\u043e\u0435 \u0438\u0437\u0434\u0435\u043b\u043d\u0438\u0435?",
            "entities": [
                {
                    "entity": "rrel_entity:rrel_entity",
                    "start": 10,
                    "end": 31,
                    "body": "\u043a\u043e\u043d\u0434\u0438\u0442\u0435\u0440\u0441\u043a\u043e\u0435 \u0438\u0437\u0434\u0435\u043b\u043d\u0438\u0435",
                    "entities": []
                }
            ],
            "traits": [],
            "intent": "confection"
        },
        {
            "text": "\u0427\u0442\u043e \u0442\u0435\u0431\u0435 \u0438\u0437\u0432\u0435\u0441\u0442\u043d\u043e \u043e \u043f\u0442\u0438\u0447\u044c\u0435\u043c \u043c\u043e\u043b\u043e\u043a\u0435?",
            "entities": [
                {
                    "entity": "rrel_entity:rrel_entity",
                    "start": 20,
                    "end": 34,
                    "body": "\u043f\u0442\u0438\u0447\u044c\u0435\u043c \u043c\u043e\u043b\u043e\u043a\u0435",
                    "entities": []
                }
            ],
            "traits": [],
            "intent": "candy_pigeons_milk"
        },
        {
            "text": "\u0427\u0442\u043e \u0442\u0435\u0431\u0435 \u0438\u0437\u0432\u0435\u0441\u0442\u043d\u043e \u043e \u0448\u0438\u043f\u0443\u0447\u043a\u0435",
            "entities": [],
            "traits": [],
            "intent": "candy_sizzle"
        },
        {
            "text": "\u0440\u0430\u0441\u0441\u043a\u0430\u0436\u0438 \u043f\u0440\u043e \u043a\u043e\u043d\u0444\u0435\u0442\u0443 \u0448\u0438\u043f\u0443\u0447\u043a\u0430",
            "entities": [
                {
                    "entity": "rrel_entity:rrel_entity",
                    "start": 21,
                    "end": 28,
                    "body": "\u0448\u0438\u043f\u0443\u0447\u043a\u0430",
                    "entities": []
                }
            ],
            "traits": [],
            "intent": "candy_sizzle"
        },
        {
            "text": "\u0447\u0442\u043e \u0442\u044b \u0437\u043d\u0430\u0435\u0448\u044c \u043f\u0440\u043e \u0442\u043e\u0440\u0442?",
            "entities": [
                {
                    "entity": "rrel_entity:rrel_entity",
                    "start": 18,
                    "end": 22,
                    "body": "\u0442\u043e\u0440\u0442",
                    "entities": []
                }
            ],
            "traits": [],
            "intent": "cake"
        },
        {
            "text": "\u0447\u0442\u043e \u0442\u044b \u0437\u043d\u0430\u0435\u0448\u044c \u043f\u0440\u043e \u0448\u0438\u043f\u0443\u0447\u043a\u0443?",
            "entities": [],
            "traits": [],
            "intent": "candy_sizzle"
        }
    ]
}
