{
    "utterances": [
        {
            "text": "\u0427\u0442\u043e \u0442\u0430\u043a\u043e\u0435 \u0434\u0435\u0442\u0438?",
            "entities": [
                {
                    "entity": "rrel_entity:rrel_entity",
                    "start": 10,
                    "end": 14,
                    "body": "\u0434\u0435\u0442\u0438",
                    "entities": []
                }
            ],
            "traits": [],
            "intent": "about_entity"
        },
        {
            "text": "\u0427\u0442\u043e \u0442\u0430\u043a\u043e\u0435 \u043c\u043e\u0440\u0430\u043b\u044c?",
            "entities": [
                {
                    "entity": "rrel_entity:rrel_entity",
                    "start": 10,
                    "end": 16,
                    "body": "\u043c\u043e\u0440\u0430\u043b\u044c",
                    "entities": []
                }
            ],
            "traits": [],
            "intent": "about_entity"
        },
        {
            "text": "\u0427\u0442\u043e \u0442\u0430\u043a\u043e\u0435 \u043e\u0431\u0449\u0435\u0441\u0442\u0432\u043e?",
            "entities": [
                {
                    "entity": "rrel_entity:rrel_entity",
                    "start": 10,
                    "end": 18,
                    "body": "\u043e\u0431\u0449\u0435\u0441\u0442\u0432\u043e",
                    "entities": []
                }
            ],
            "traits": [],
            "intent": "about_entity"
        },
        {
            "text": "\u0427\u0442\u043e \u0442\u0430\u043a\u043e\u0435 \u0441\u0435\u043c\u0435\u0439\u043d\u044b\u0435 \u0442\u0440\u0430\u0434\u0438\u0446\u0438\u0438?",
            "entities": [
                {
                    "entity": "rrel_entity:rrel_entity",
                    "start": 10,
                    "end": 27,
                    "body": "\u0441\u0435\u043c\u0435\u0439\u043d\u044b\u0435 \u0442\u0440\u0430\u0434\u0438\u0446\u0438\u0438",
                    "entities": []
                }
            ],
            "traits": [],
            "intent": "about_entity"
        },
        {
            "text": "\u0427\u0442\u043e \u0442\u0430\u043a\u043e\u0435 \u0441\u0435\u043c\u044c\u044f?",
            "entities": [
                {
                    "entity": "rrel_entity:rrel_entity",
                    "start": 10,
                    "end": 15,
                    "body": "\u0441\u0435\u043c\u044c\u044f",
                    "entities": []
                }
            ],
            "traits": [],
            "intent": "about_entity"
        },
        {
            "text": "\u0427\u0442\u043e \u0442\u0430\u043a\u043e\u0435 \u0444\u043e\u0442\u043e\u0441\u0435\u0441\u0441\u0438\u044f?",
            "entities": [
                {
                    "entity": "rrel_entity:rrel_entity",
                    "start": 10,
                    "end": 20,
                    "body": "\u0444\u043e\u0442\u043e\u0441\u0435\u0441\u0441\u0438\u044f",
                    "entities": []
                }
            ],
            "traits": [],
            "intent": "about_entity"
        },
        {
            "text": "\u0427\u0442\u043e \u0442\u044b \u0437\u043d\u0430\u0435\u0448\u044c \u043e \u0432\u0441\u0442\u0440\u0435\u0447\u0435 \u0432\u0430\u0436\u043d\u044b\u0445 \u0441\u043e\u0431\u044b\u0442\u0438\u0439 \u0432 \u0436\u0438\u0437\u043d\u0438?",
            "entities": [
                {
                    "entity": "rrel_entity:rrel_entity",
                    "start": 16,
                    "end": 38,
                    "body": "\u0432\u0441\u0442\u0440\u0435\u0447\u0435 \u0432\u0430\u0436\u043d\u044b\u0445 \u0441\u043e\u0431\u044b\u0442\u0438\u0439",
                    "entities": []
                },
                {
                    "entity": "rrel_entity:rrel_entity",
                    "start": 41,
                    "end": 46,
                    "body": "\u0436\u0438\u0437\u043d\u0438",
                    "entities": []
                }
            ],
            "traits": [],
            "intent": "about_entity"
        },
        {
            "text": "\u0427\u0442\u043e \u0442\u044b \u0437\u043d\u0430\u0435\u0448\u044c \u043e \u0432\u0441\u0442\u0440\u0435\u0447\u0435 \u043d\u043e\u0432\u043e\u0433\u043e \u0433\u043e\u0434\u0430?",
            "entities": [
                {
                    "entity": "rrel_entity:rrel_entity",
                    "start": 16,
                    "end": 35,
                    "body": "\u0432\u0441\u0442\u0440\u0435\u0447\u0435 \u043d\u043e\u0432\u043e\u0433\u043e \u0433\u043e\u0434\u0430",
                    "entities": []
                }
            ],
            "traits": [],
            "intent": "about_entity_examples"
        },
        {
            "text": "\u0427\u0442\u043e \u0442\u044b \u0437\u043d\u0430\u0435\u0448\u044c \u043e \u0434\u0435\u0442\u044f\u0445?",
            "entities": [
                {
                    "entity": "rrel_entity:rrel_entity",
                    "start": 16,
                    "end": 21,
                    "body": "\u0434\u0435\u0442\u044f\u0445",
                    "entities": []
                }
            ],
            "traits": [],
            "intent": "about_entity"
        },
        {
            "text": "\u0427\u0442\u043e \u0442\u044b \u0437\u043d\u0430\u0435\u0448\u044c \u043e \u0436\u0438\u0437\u043d\u0438?",
            "entities": [
                {
                    "entity": "rrel_entity:rrel_entity",
                    "start": 16,
                    "end": 21,
                    "body": "\u0436\u0438\u0437\u043d\u0438",
                    "entities": []
                }
            ],
            "traits": [],
            "intent": "about_entity"
        },
        {
            "text": "\u0427\u0442\u043e \u0442\u044b \u0437\u043d\u0430\u0435\u0448\u044c \u043e \u043c\u043e\u0440\u0430\u043b\u0438?",
            "entities": [
                {
                    "entity": "rrel_entity:rrel_entity",
                    "start": 16,
                    "end": 22,
                    "body": "\u043c\u043e\u0440\u0430\u043b\u0438",
                    "entities": []
                }
            ],
            "traits": [],
            "intent": "about_entity"
        },
        {
            "text": "\u0427\u0442\u043e \u0442\u044b \u0437\u043d\u0430\u0435\u0448\u044c \u043e \u043f\u0443\u0442\u0435\u0448\u0435\u0441\u0442\u0432\u0438\u0438 \u0441 \u0441\u0435\u043c\u044c\u0451\u0439?",
            "entities": [
                {
                    "entity": "rrel_entity:rrel_entity",
                    "start": 16,
                    "end": 36,
                    "body": "\u043f\u0443\u0442\u0435\u0448\u0435\u0441\u0442\u0432\u0438\u0438 \u0441 \u0441\u0435\u043c\u044c\u0451\u0439",
                    "entities": []
                }
            ],
            "traits": [],
            "intent": "about_entity_examples"
        },
        {
            "text": "\u0427\u0442\u043e \u0442\u044b \u0437\u043d\u0430\u0435\u0448\u044c \u043e \u0441\u0438\u043c\u0432\u043e\u043b\u0438\u043a\u0435?",
            "entities": [
                {
                    "entity": "rrel_entity:rrel_entity",
                    "start": 16,
                    "end": 25,
                    "body": "\u0441\u0438\u043c\u0432\u043e\u043b\u0438\u043a\u0435",
                    "entities": []
                }
            ],
            "traits": [],
            "intent": "about_entity"
        },
        {
            "text": "\u0427\u0442\u043e \u0442\u044b \u0437\u043d\u0430\u0435\u0448\u044c \u043e \u0444\u043e\u0442\u043e\u0441\u0435\u0441\u0441\u0438\u044f\u0445?",
            "entities": [
                {
                    "entity": "rrel_entity:rrel_entity",
                    "start": 16,
                    "end": 27,
                    "body": "\u0444\u043e\u0442\u043e\u0441\u0435\u0441\u0441\u0438\u044f\u0445",
                    "entities": []
                }
            ],
            "traits": [],
            "intent": "about_entity"
        },
        {
            "text": "\u0427\u0442\u043e \u0442\u044b \u0437\u043d\u0430\u0435\u0448\u044c \u043e\u0431 \u043e\u0431\u0449\u0435\u0441\u0442\u0432\u0435?",
            "entities": [
                {
                    "entity": "rrel_entity:rrel_entity",
                    "start": 17,
                    "end": 25,
                    "body": "\u043e\u0431\u0449\u0435\u0441\u0442\u0432\u0435",
                    "entities": []
                }
            ],
            "traits": [],
            "intent": "about_entity"
        },
        {
            "text": "\u0427\u0442\u043e \u0442\u044b \u0437\u043d\u0430\u0435\u0448\u044c \u043e\u0431 \u0443\u0431\u043e\u0440\u043a\u0435 \u0434\u043e\u043c\u0430?",
            "entities": [
                {
                    "entity": "rrel_entity:rrel_entity",
                    "start": 17,
                    "end": 28,
                    "body": "\u0443\u0431\u043e\u0440\u043a\u0435 \u0434\u043e\u043c\u0430",
                    "entities": []
                }
            ],
            "traits": [],
            "intent": "about_entity"
        },
        {
            "text": "\u0442\u044b \u0437\u043d\u0430\u0435\u0448\u044c \u043e\u0427\u0442\u043e \u0442\u0427\u0442\u043e \u0442\u044b \u0437\u043d\u0430\u0435\u0448\u044c \u043e \u0441\u0432\u0430\u0434\u044c\u0431\u0435?",
            "entities": [
                {
                    "entity": "rrel_entity:rrel_entity",
                    "start": 33,
                    "end": 40,
                    "body": "\u0432\u0430\u0434\u044c\u0431\u0435?",
                    "entities": []
                }
            ],
            "traits": [],
            "intent": "about_entity"
        }
    ]
}
