{
    "utterances": [
        {
            "text": "\u0421\u043a\u043e\u043b\u044c\u043a\u043e \u0431\u0443\u0434\u0435\u0442 1?",
            "entities": [
                {
                    "entity": "rrel_entity:rrel_entity",
                    "start": 14,
                    "end": 15,
                    "body": "1",
                    "entities": []
                }
            ],
            "traits": [],
            "intent": "math_expression"
        },
        {
            "text": "\u0421\u043a\u043e\u043b\u044c\u043a\u043e \u0431\u0443\u0434\u0435\u0442 a?",
            "entities": [
                {
                    "entity": "rrel_entity:rrel_entity",
                    "start": 14,
                    "end": 15,
                    "body": "a",
                    "entities": []
                }
            ],
            "traits": [],
            "intent": "math_expression"
        },
        {
            "text": "\u0421\u043a\u043e\u043b\u044c\u043a\u043e \u0431\u0443\u0434\u0435\u0442 asin2?",
            "entities": [
                {
                    "entity": "rrel_entity:rrel_entity",
                    "start": 14,
                    "end": 19,
                    "body": "asin2",
                    "entities": []
                }
            ],
            "traits": [],
            "intent": "math_expression"
        },
        {
            "text": "\u0421\u043a\u043e\u043b\u044c\u043a\u043e \u0431\u0443\u0434\u0435\u0442 b?",
            "entities": [
                {
                    "entity": "rrel_entity:rrel_entity",
                    "start": 14,
                    "end": 15,
                    "body": "b",
                    "entities": []
                }
            ],
            "traits": [],
            "intent": "math_expression"
        },
        {
            "text": "\u0421\u043a\u043e\u043b\u044c\u043a\u043e \u0431\u0443\u0434\u0435\u0442 sin2?",
            "entities": [
                {
                    "entity": "rrel_entity:rrel_entity",
                    "start": 14,
                    "end": 18,
                    "body": "sin2",
                    "entities": []
                }
            ],
            "traits": [],
            "intent": "math_expression"
        }
    ]
}
