{
    "name": "rrel_entity",
    "roles": [
        "rrel_entity"
    ],
    "lookups": [
        "free-text",
        "keywords"
    ],
    "keywords": [
        {
            "keyword": "\u0427\u0442\u043e \u0442\u0430\u043a\u043e\u0435 \u043e\u0431\u044a\u0435\u0434\u0438\u043d\u044f\u0442\u044c?",
            "synonyms": [
                "\u0427\u0442\u043e \u0442\u0430\u043a\u043e\u0435 \u043e\u0431\u044a\u0435\u0434\u0438\u043d\u044f\u0442\u044c?"
            ]
        },
        {
            "keyword": "\u043a\u0443\u043b\u044c\u0442\u0443\u0440\u0430",
            "synonyms": [
                "\u043a\u0443\u043b\u044c\u0442\u0443\u0440\u0430"
            ]
        },
        {
            "keyword": "\u043c\u0430\u0441\u0441\u043e\u0432\u0430\u044f",
            "synonyms": [
                "\u043c\u0430\u0441\u0441\u043e\u0432\u0430\u044f"
            ]
        },
        {
            "keyword": "\u043e\u0431\u0440\u0430\u0437\u043e\u0432\u0430\u043d\u0438\u0435",
            "synonyms": [
                "\u043e\u0431\u0440\u0430\u0437\u043e\u0432\u0430\u043d\u0438\u0435"
            ]
        },
        {
            "keyword": "\u043e\u0431\u0443\u0447\u0430\u0442\u044c",
            "synonyms": [
                "\u043e\u0431\u0443\u0447\u0430\u0442\u044c"
            ]
        },
        {
            "keyword": "\u043e\u0431\u0449\u0435\u0441\u0442\u0432\u043e",
            "synonyms": [
                "\u043e\u0431\u0449\u0435\u0441\u0442\u0432\u043e"
            ]
        },
        {
            "keyword": "\u043f\u0440\u043e\u044f\u0432\u043b\u044f\u0442\u044c",
            "synonyms": [
                "\u043f\u0440\u043e\u044f\u0432\u043b\u044f\u0442\u044c"
            ]
        },
        {
            "keyword": "\u0441\u043e\u0432\u0440\u0435\u043c\u0435\u043d\u043d\u0430\u044f",
            "synonyms": [
                "\u0441\u043e\u0432\u0440\u0435\u043c\u0435\u043d\u043d\u0430\u044f"
            ]
        }
    ]
}
