{
    "utterances": [
        {
            "text": "\u041a\u0430\u043a\u0438\u0435 \u0441\u0430\u043c\u044b\u0435 \u043a\u0440\u0443\u043f\u043d\u044b\u0435 \u043a\u043e\u043d\u0444\u0435\u0440\u0435\u043d\u0446\u0438\u0438 \u0432 \u0441\u0444\u0435\u0440\u0435 \u0430\u0439\u0442\u0438 \u0442\u044b \u0437\u043d\u0430\u0435\u0448\u044c?",
            "entities": [
                {
                    "entity": "rrel_entity:rrel_entity",
                    "start": 40,
                    "end": 44,
                    "body": "\u0430\u0439\u0442\u0438",
                    "entities": []
                },
                {
                    "entity": "rrel_entity:rrel_entity",
                    "start": 20,
                    "end": 31,
                    "body": "\u043a\u043e\u043d\u0444\u0435\u0440\u0435\u043d\u0446\u0438\u0438",
                    "entities": []
                }
            ],
            "traits": [],
            "intent": "about_entity"
        },
        {
            "text": "\u041a\u0430\u043a\u0438\u0435 \u0442\u044b \u0437\u043d\u0430\u0435\u0448\u044c \u043a\u0440\u0443\u043f\u043d\u044b\u0435 \u0441\u0440\u0435\u0434\u0441\u0442\u0432\u0430 \u0434\u043b\u044f \u043f\u0440\u043e\u0432\u0435\u0434\u0435\u043d\u0438\u044f \u043e\u043d\u043b\u0430\u0439\u043d \u043a\u043e\u043d\u0444\u0435\u0440\u0435\u043d\u0446\u0438\u0439?",
            "entities": [
                {
                    "entity": "rrel_entity:rrel_entity",
                    "start": 24,
                    "end": 47,
                    "body": "\u0441\u0440\u0435\u0434\u0441\u0442\u0432\u0430 \u0434\u043b\u044f \u043f\u0440\u043e\u0432\u0435\u0434\u0435\u043d\u0438\u044f",
                    "entities": []
                },
                {
                    "entity": "rrel_entity:rrel_entity",
                    "start": 48,
                    "end": 66,
                    "body": "\u043e\u043d\u043b\u0430\u0439\u043d \u043a\u043e\u043d\u0444\u0435\u0440\u0435\u043d\u0446\u0438\u0439",
                    "entities": []
                }
            ],
            "traits": [],
            "intent": "about_entity"
        },
        {
            "text": "\u0427\u0442\u043e \u0427\u0442\u043e \u0442\u044b \u0437\u043d\u0430\u0435\u0448\u044c \u043e \u0441\u043a\u0430\u0439\u043f\u0435?",
            "entities": [
                {
                    "entity": "rrel_entity:rrel_entity",
                    "start": 20,
                    "end": 26,
                    "body": "\u0441\u043a\u0430\u0439\u043f\u0435",
                    "entities": []
                }
            ],
            "traits": [],
            "intent": "about_entity_examples"
        },
        {
            "text": "\u0427\u0442\u043e \u0442\u0430\u043a\u043e\u0435 \u043e\u043d\u043b\u0430\u0439\u043d \u043a\u043e\u043d\u0444\u0435\u0440\u0435\u043d\u0438\u0446\u044f?",
            "entities": [
                {
                    "entity": "rrel_entity:rrel_entity",
                    "start": 10,
                    "end": 16,
                    "body": "\u043e\u043d\u043b\u0430\u0439\u043d",
                    "entities": []
                },
                {
                    "entity": "rrel_entity:rrel_entity",
                    "start": 17,
                    "end": 28,
                    "body": "\u043a\u043e\u043d\u0444\u0435\u0440\u0435\u043d\u0438\u0446\u044f",
                    "entities": []
                }
            ],
            "traits": [],
            "intent": "about_entity"
        },
        {
            "text": "\u0427\u0442\u043e \u0442\u0430\u043a\u043e\u0435 \u043e\u0447\u043d\u0430\u044f \u043a\u043e\u043d\u0444\u0435\u0440\u0435\u043d\u0446\u0438\u044f?",
            "entities": [
                {
                    "entity": "rrel_entity:rrel_entity",
                    "start": 10,
                    "end": 27,
                    "body": "\u043e\u0447\u043d\u0430\u044f \u043a\u043e\u043d\u0444\u0435\u0440\u0435\u043d\u0446\u0438\u044f",
                    "entities": []
                }
            ],
            "traits": [],
            "intent": "about_entity"
        },
        {
            "text": "\u0427\u0442\u043e \u0442\u0430\u043a\u043e\u0435 \u0441\u043a\u0430\u0439\u043f?",
            "entities": [
                {
                    "entity": "rrel_entity:rrel_entity",
                    "start": 10,
                    "end": 15,
                    "body": "\u0441\u043a\u0430\u0439\u043f",
                    "entities": []
                }
            ],
            "traits": [],
            "intent": "about_entity"
        },
        {
            "text": "\u0427\u0442\u043e \u0442\u0430\u043a\u043e\u0435 \u0442\u0435\u043b\u0435\u0433\u0440\u0430\u043c\u043c?",
            "entities": [
                {
                    "entity": "rrel_entity:rrel_entity",
                    "start": 10,
                    "end": 19,
                    "body": "\u0442\u0435\u043b\u0435\u0433\u0440\u0430\u043c\u043c",
                    "entities": []
                }
            ],
            "traits": [],
            "intent": "about_entity_examples"
        },
        {
            "text": "\u0427\u0442\u043e \u0442\u044b \u0437\u043d\u0430\u0435\u0448\u044c \u043e ZOOM?",
            "entities": [
                {
                    "entity": "rrel_entity:rrel_entity",
                    "start": 16,
                    "end": 20,
                    "body": "ZOOM",
                    "entities": []
                }
            ],
            "traits": [],
            "intent": "about_entity_examples"
        },
        {
            "text": "\u0427\u0442\u043e \u0442\u044b \u0437\u043d\u0430\u0435\u0448\u044c \u043e \u043a\u043e\u043d\u0444\u0435\u0440\u0435\u043d\u0446\u0438\u0438 OSTIS?",
            "entities": [
                {
                    "entity": "rrel_entity:rrel_entity",
                    "start": 28,
                    "end": 33,
                    "body": "OSTIS",
                    "entities": []
                }
            ],
            "traits": [],
            "intent": "about_entity_examples"
        },
        {
            "text": "\u0427\u0442\u043e \u0442\u044b \u0437\u043d\u0430\u0435\u0448\u044c \u043e \u043a\u043e\u043d\u0444\u0435\u0440\u0435\u043d\u0446\u0438\u0438 \u0412\u043e\u0439\u0442\u0438 \u0432 \u0430\u0439\u0442\u0438?",
            "entities": [
                {
                    "entity": "rrel_entity:rrel_entity",
                    "start": 16,
                    "end": 27,
                    "body": "\u043a\u043e\u043d\u0444\u0435\u0440\u0435\u043d\u0446\u0438\u0438",
                    "entities": []
                },
                {
                    "entity": "rrel_entity:rrel_entity",
                    "start": 28,
                    "end": 40,
                    "body": "\u0412\u043e\u0439\u0442\u0438 \u0432 \u0430\u0439\u0442\u0438",
                    "entities": []
                }
            ],
            "traits": [],
            "intent": "about_entity_examples"
        },
        {
            "text": "\u0427\u0442\u043e \u0442\u044b \u0437\u043d\u0430\u0435\u0448\u044c \u043e \u043a\u043e\u043d\u0444\u0435\u0440\u0435\u043d\u0446\u0438\u044f\u0445?",
            "entities": [
                {
                    "entity": "rrel_entity:rrel_entity",
                    "start": 16,
                    "end": 28,
                    "body": "\u043a\u043e\u043d\u0444\u0435\u0440\u0435\u043d\u0446\u0438\u044f\u0445",
                    "entities": []
                }
            ],
            "traits": [],
            "intent": "about_entity"
        },
        {
            "text": "\u0427\u0442\u043e \u0442\u044b \u0437\u043d\u0430\u0435\u0448\u044c \u043e \u0441\u0440\u0435\u0434\u0441\u0442\u0432\u0430\u0445 \u0434\u043b\u044f \u043f\u0440\u043e\u0432\u0435\u0434\u0435\u043d\u0438\u044f \u043e\u043d\u043b\u0430\u0439\u043d \u043a\u043e\u043d\u0444\u0435\u0440\u0435\u043d\u0446\u0438\u0439?",
            "entities": [
                {
                    "entity": "rrel_entity:rrel_entity",
                    "start": 16,
                    "end": 40,
                    "body": "\u0441\u0440\u0435\u0434\u0441\u0442\u0432\u0430\u0445 \u0434\u043b\u044f \u043f\u0440\u043e\u0432\u0435\u0434\u0435\u043d\u0438\u044f",
                    "entities": []
                },
                {
                    "entity": "rrel_entity:rrel_entity",
                    "start": 41,
                    "end": 59,
                    "body": "\u043e\u043d\u043b\u0430\u0439\u043d \u043a\u043e\u043d\u0444\u0435\u0440\u0435\u043d\u0446\u0438\u0439",
                    "entities": []
                }
            ],
            "traits": [],
            "intent": "about_entity"
        },
        {
            "text": "\u0427\u0442\u043e \u0442\u044b \u0437\u043d\u0430\u0435\u0448\u044c \u043e \u0441\u0440\u0435\u0434\u0441\u0442\u0432\u0430\u0445 \u0434\u043b\u044f \u043f\u0440\u043e\u0432\u0435\u0434\u0435\u043d\u0438\u044f \u043e\u0447\u043d\u044b\u0445 \u043a\u043e\u043d\u0444\u0435\u0440\u0435\u043d\u0446\u0438\u0439?",
            "entities": [
                {
                    "entity": "rrel_entity:rrel_entity",
                    "start": 16,
                    "end": 40,
                    "body": "\u0441\u0440\u0435\u0434\u0441\u0442\u0432\u0430\u0445 \u0434\u043b\u044f \u043f\u0440\u043e\u0432\u0435\u0434\u0435\u043d\u0438\u044f",
                    "entities": []
                },
                {
                    "entity": "rrel_entity:rrel_entity",
                    "start": 41,
                    "end": 58,
                    "body": "\u043e\u0447\u043d\u044b\u0445 \u043a\u043e\u043d\u0444\u0435\u0440\u0435\u043d\u0446\u0438\u0439",
                    "entities": []
                }
            ],
            "traits": [],
            "intent": "about_entity"
        },
        {
            "text": "\u0427\u0442\u043e \u0442\u044b \u0437\u043d\u0430\u0435\u0448\u044c \u043e\u0431 \u043e\u043d\u043b\u0430\u0439\u043d-\u043a\u043e\u043d\u0444\u0435\u0440\u0435\u043d\u0446\u0438\u0438?",
            "entities": [
                {
                    "entity": "rrel_entity:rrel_entity",
                    "start": 17,
                    "end": 35,
                    "body": "\u043e\u043d\u043b\u0430\u0439\u043d-\u043a\u043e\u043d\u0444\u0435\u0440\u0435\u043d\u0446\u0438\u0438",
                    "entities": []
                }
            ],
            "traits": [],
            "intent": "about_entity"
        },
        {
            "text": "\u0447\u0442\u043e \u0442\u044b \u0437\u043d\u0430\u0435\u0448\u044c \u043e \u0441\u043e\u0431\u0440\u0430\u043d\u0438\u0438?",
            "entities": [
                {
                    "entity": "rrel_entity:rrel_entity",
                    "start": 16,
                    "end": 24,
                    "body": "\u0441\u043e\u0431\u0440\u0430\u043d\u0438\u0438",
                    "entities": []
                }
            ],
            "traits": [],
            "intent": "about_entity"
        },
        {
            "text": "\u0447\u0442\u043e \u0442\u044b \u0437\u043d\u0430\u0435\u0448\u044c \u043e \u0441\u043e\u0432\u0435\u0449\u0430\u043d\u0438\u0438?",
            "entities": [
                {
                    "entity": "rrel_entity:rrel_entity",
                    "start": 16,
                    "end": 25,
                    "body": "\u0441\u043e\u0432\u0435\u0449\u0430\u043d\u0438\u0438",
                    "entities": []
                }
            ],
            "traits": [],
            "intent": "about_entity"
        }
    ]
}
