{
    "utterances": [
        {
            "text": "\u0412 \u043a\u0430\u0440\u0442\u043e\u0447\u043d\u044b\u0445 \u0438\u0433\u0440\u0430\u0445 \u043a\u0430\u043a\u043e\u0435 \u043a\u043e\u043b\u0438\u0447\u0435\u0441\u0442\u0432\u043e \u043a\u0430\u0440\u0442 \u0432 \u043a\u043e\u043b\u043e\u0434\u0435 \u0434\u043e\u043b\u0436\u043d\u043e \u0431\u044b\u0442\u044c?",
            "entities": [
                {
                    "entity": "rrel_number_of_cards:rrel_number_of_cards",
                    "start": 24,
                    "end": 33,
                    "body": "\u043a\u043e\u043b\u0438\u0447\u0435\u0441\u0442\u0432",
                    "entities": []
                }
            ],
            "traits": [],
            "intent": "about_number_of_cards"
        },
        {
            "text": "\u0414\u0430\u0439 \u043c\u043d\u0435 \u0441\u043f\u0438\u0441\u043e\u043a \u0442\u0438\u043f\u043e\u0432 \u043a\u043e\u043b\u0438\u0447\u0435\u0441\u0442\u0432 \u043a\u0430\u0440\u0442 \u0432 \u043a\u043e\u043b\u043e\u0434\u0435",
            "entities": [
                {
                    "entity": "rrel_number_of_cards:rrel_number_of_cards",
                    "start": 21,
                    "end": 30,
                    "body": "\u043a\u043e\u043b\u0438\u0447\u0435\u0441\u0442\u0432",
                    "entities": []
                }
            ],
            "traits": [],
            "intent": "about_number_of_cards"
        },
        {
            "text": "\u0414\u0430\u0439 \u0441\u043f\u0438\u0441\u043e\u043a \u0432\u0441\u0435\u0445 \u0446\u0435\u043b\u0435\u0439 \u043d\u0430 \u043a\u0430\u0440\u0442\u0430\u0445",
            "entities": [
                {
                    "entity": "rrel_goals:rrel_goals",
                    "start": 16,
                    "end": 19,
                    "body": "\u0446\u0435\u043b",
                    "entities": []
                }
            ],
            "traits": [],
            "intent": "about_goals"
        },
        {
            "text": "\u0414\u0430\u0439 \u0441\u043f\u0438\u0441\u043e\u043a \u043a\u0430\u0440\u0442\u043e\u0447\u043d\u044b\u0445 \u0438\u0433\u0440",
            "entities": [
                {
                    "entity": "rrel_card_games:rrel_card_games",
                    "start": 21,
                    "end": 24,
                    "body": "\u0438\u0433\u0440",
                    "entities": []
                }
            ],
            "traits": [],
            "intent": "about_card_games"
        },
        {
            "text": "\u041a\u0430\u043a\u0438\u0435 \u043a\u0430\u0440\u0442\u043e\u0447\u043d\u044b\u0435 \u0438\u0433\u0440\u044b \u0435\u0441\u0442\u044c \u043d\u0430 \u0431\u0430\u0437\u0435 \u0434\u0430\u043d\u043d\u044b\u0445?",
            "entities": [
                {
                    "entity": "rrel_card_games:rrel_card_games",
                    "start": 16,
                    "end": 19,
                    "body": "\u0438\u0433\u0440",
                    "entities": []
                }
            ],
            "traits": [],
            "intent": "about_card_games"
        },
        {
            "text": "\u041a\u0430\u043a\u0438\u0435 \u0442\u0438\u043f\u044b \u043a\u043e\u043b\u043e\u0434 \u0431\u044b\u0432\u0430\u044e\u0442?",
            "entities": [
                {
                    "entity": "rrel_deck_types:rrel_deck_types",
                    "start": 11,
                    "end": 16,
                    "body": "\u043a\u043e\u043b\u043e\u0434",
                    "entities": []
                }
            ],
            "traits": [],
            "intent": "about_deck_types"
        },
        {
            "text": "\u041a\u0430\u043a\u0438\u0435 \u0442\u0438\u043f\u044b \u043a\u043e\u043b\u043e\u0434 \u0435\u0441\u0442\u044c \u043d\u0430 \u0431\u0430\u0437\u0435 \u0434\u0430\u043d\u043d\u044b\u0445?",
            "entities": [
                {
                    "entity": "rrel_deck_types:rrel_deck_types",
                    "start": 11,
                    "end": 16,
                    "body": "\u043a\u043e\u043b\u043e\u0434",
                    "entities": []
                }
            ],
            "traits": [],
            "intent": "about_deck_types"
        },
        {
            "text": "\u041a\u0430\u043a\u0438\u0435 \u0446\u0435\u043b\u0438 \u0431\u044b\u0432\u0430\u044e\u0442 \u0432 \u043a\u0430\u0440\u0442\u0430\u0445?",
            "entities": [
                {
                    "entity": "rrel_goals:rrel_goals",
                    "start": 6,
                    "end": 9,
                    "body": "\u0446\u0435\u043b",
                    "entities": []
                }
            ],
            "traits": [],
            "intent": "about_goals"
        },
        {
            "text": "\u041a\u0430\u043a\u0438\u0435 \u0446\u0435\u043b\u0438 \u0432 \u043a\u0430\u0440\u0442\u0430\u0445 \u0435\u0441\u0442\u044c \u043d\u0430 \u0431\u0430\u0437\u0435 \u0434\u0430\u043d\u043d\u044b\u0445?",
            "entities": [
                {
                    "entity": "rrel_goals:rrel_goals",
                    "start": 6,
                    "end": 9,
                    "body": "\u0446\u0435\u043b",
                    "entities": []
                }
            ],
            "traits": [],
            "intent": "about_goals"
        },
        {
            "text": "\u041a\u0430\u043a\u043e\u0435 \u043a\u043e\u043b\u0438\u0447\u0435\u0441\u0442\u0432\u043e \u043a\u0430\u0440\u0442 \u043c\u043e\u0436\u0435\u0442 \u0431\u044b\u0442\u044c \u0432 \u043a\u043e\u043b\u043e\u0434\u0435?",
            "entities": [
                {
                    "entity": "rrel_number_of_cards:rrel_number_of_cards",
                    "start": 6,
                    "end": 15,
                    "body": "\u043a\u043e\u043b\u0438\u0447\u0435\u0441\u0442\u0432",
                    "entities": []
                }
            ],
            "traits": [],
            "intent": "about_number_of_cards"
        },
        {
            "text": "\u041f\u043e\u043a\u0430\u0436\u0438 \u0441\u043f\u0438\u0441\u043e\u043a \u0442\u0438\u043f\u043e\u0432 \u043a\u043e\u043b\u043e\u0434",
            "entities": [
                {
                    "entity": "rrel_deck_types:rrel_deck_types",
                    "start": 20,
                    "end": 25,
                    "body": "\u043a\u043e\u043b\u043e\u0434",
                    "entities": []
                }
            ],
            "traits": [],
            "intent": "about_deck_types"
        },
        {
            "text": "\u043a\u0430\u043a\u0438\u0435 \u0432\u0438\u0434\u044b \u043a\u0430\u0440\u0442\u043e\u0447\u043d\u044b\u0445 \u0438\u0433\u0440 \u0431\u044b\u0432\u0430\u044e\u0442?",
            "entities": [
                {
                    "entity": "rrel_card_games:rrel_card_games",
                    "start": 21,
                    "end": 24,
                    "body": "\u0438\u0433\u0440",
                    "entities": []
                }
            ],
            "traits": [],
            "intent": "about_card_games"
        }
    ]
}
