{
    "utterances": [
        {
            "text": "\u0427\u0442\u043e \u0442\u0430\u043a\u043e\u0435 \u043a\u0443\u043b\u044c\u0442\u0443\u0440\u0430?",
            "entities": [
                {
                    "entity": "rrel_entity:rrel_entity",
                    "start": 10,
                    "end": 18,
                    "body": "\u043a\u0443\u043b\u044c\u0442\u0443\u0440\u0430",
                    "entities": []
                }
            ],
            "traits": [],
            "intent": "culture"
        },
        {
            "text": "\u0427\u0442\u043e \u0442\u0430\u043a\u043e\u0435 \u043c\u0430\u0441\u0441\u043e\u0432\u0430\u044f \u043a\u0443\u043b\u044c\u0442\u0443\u0440\u0430?",
            "entities": [
                {
                    "entity": "rrel_entity:rrel_entity",
                    "start": 19,
                    "end": 27,
                    "body": "\u043a\u0443\u043b\u044c\u0442\u0443\u0440\u0430",
                    "entities": []
                },
                {
                    "entity": "rrel_entity:rrel_entity",
                    "start": 10,
                    "end": 18,
                    "body": "\u043c\u0430\u0441\u0441\u043e\u0432\u0430\u044f",
                    "entities": []
                }
            ],
            "traits": [],
            "intent": "mass_culture"
        },
        {
            "text": "\u0427\u0442\u043e \u0442\u0430\u043a\u043e\u0435 \u043e\u0431\u0440\u0430\u0437\u043e\u0432\u0430\u043d\u0438\u0435?",
            "entities": [
                {
                    "entity": "rrel_entity:rrel_entity",
                    "start": 10,
                    "end": 21,
                    "body": "\u043e\u0431\u0440\u0430\u0437\u043e\u0432\u0430\u043d\u0438\u0435",
                    "entities": []
                }
            ],
            "traits": [],
            "intent": "education"
        },
        {
            "text": "\u0427\u0442\u043e \u0442\u0430\u043a\u043e\u0435 \u043e\u0431\u0443\u0447\u0430\u0442\u044c?",
            "entities": [
                {
                    "entity": "rrel_entity:rrel_entity",
                    "start": 10,
                    "end": 17,
                    "body": "\u043e\u0431\u0443\u0447\u0430\u0442\u044c",
                    "entities": []
                }
            ],
            "traits": [],
            "intent": "study"
        },
        {
            "text": "\u0427\u0442\u043e \u0442\u0430\u043a\u043e\u0435 \u043e\u0431\u0449\u0435\u0441\u0442\u0432\u043e?",
            "entities": [
                {
                    "entity": "rrel_entity:rrel_entity",
                    "start": 10,
                    "end": 18,
                    "body": "\u043e\u0431\u0449\u0435\u0441\u0442\u0432\u043e",
                    "entities": []
                }
            ],
            "traits": [],
            "intent": "community"
        },
        {
            "text": "\u0427\u0442\u043e \u0442\u0430\u043a\u043e\u0435 \u043e\u0431\u044a\u0435\u0434\u0438\u043d\u044f\u0442\u044c?",
            "entities": [
                {
                    "entity": "rrel_entity:rrel_entity",
                    "start": 0,
                    "end": 21,
                    "body": "\u0427\u0442\u043e \u0442\u0430\u043a\u043e\u0435 \u043e\u0431\u044a\u0435\u0434\u0438\u043d\u044f\u0442\u044c?",
                    "entities": []
                }
            ],
            "traits": [],
            "intent": "unite"
        },
        {
            "text": "\u0427\u0442\u043e \u0442\u0430\u043a\u043e\u0435 \u043f\u0440\u043e\u044f\u0432\u043b\u044f\u0442\u044c?",
            "entities": [
                {
                    "entity": "rrel_entity:rrel_entity",
                    "start": 10,
                    "end": 19,
                    "body": "\u043f\u0440\u043e\u044f\u0432\u043b\u044f\u0442\u044c",
                    "entities": []
                }
            ],
            "traits": [],
            "intent": "manifestation"
        },
        {
            "text": "\u0427\u0442\u043e \u0442\u0430\u043a\u043e\u0435 \u0441\u043e\u0432\u0440\u0435\u043c\u0435\u043d\u043d\u0430\u044f \u043a\u0443\u043b\u044c\u0442\u0443\u0440\u0430?",
            "entities": [
                {
                    "entity": "rrel_entity:rrel_entity",
                    "start": 10,
                    "end": 21,
                    "body": "\u0441\u043e\u0432\u0440\u0435\u043c\u0435\u043d\u043d\u0430\u044f",
                    "entities": []
                },
                {
                    "entity": "rrel_entity:rrel_entity",
                    "start": 22,
                    "end": 30,
                    "body": "\u043a\u0443\u043b\u044c\u0442\u0443\u0440\u0430",
                    "entities": []
                }
            ],
            "traits": [],
            "intent": "modern_culture"
        }
    ]
}
