{
    "name": "rrel_entity",
    "roles": [
        "rrel_entity"
    ],
    "lookups": [
        "free-text",
        "keywords"
    ],
    "keywords": [
        {
            "keyword": "\u0414\u0443\u0445\u043e\u0432\u043d\u043e\u0441\u0442\u044c",
            "synonyms": [
                "\u0414\u0443\u0445\u043e\u0432\u043d\u043e\u0441\u0442\u044c"
            ]
        },
        {
            "keyword": "\u0432\u0441\u0442\u0440\u0435\u0447\u0435 \u0432\u0430\u0436\u043d\u044b\u0445 \u0441\u043e\u0431\u044b\u0442\u0438\u0439",
            "synonyms": [
                "\u0432\u0441\u0442\u0440\u0435\u0447\u0435 \u0432\u0430\u0436\u043d\u044b\u0445 \u0441\u043e\u0431\u044b\u0442\u0438\u0439"
            ]
        },
        {
            "keyword": "\u0432\u0441\u0442\u0440\u0435\u0447\u0435 \u043d\u043e\u0432\u043e\u0433\u043e \u0433\u043e\u0434\u0430",
            "synonyms": [
                "\u0432\u0441\u0442\u0440\u0435\u0447\u0435 \u043d\u043e\u0432\u043e\u0433\u043e \u0433\u043e\u0434\u0430"
            ]
        },
        {
            "keyword": "\u0434\u0435\u0442\u0438",
            "synonyms": [
                "\u0434\u0435\u0442\u0438"
            ]
        },
        {
            "keyword": "\u0434\u0435\u0442\u044f\u0445",
            "synonyms": [
                "\u0434\u0435\u0442\u044f\u0445"
            ]
        },
        {
            "keyword": "\u0436\u0438\u0437\u043d\u0438",
            "synonyms": [
                "\u0436\u0438\u0437\u043d\u0438"
            ]
        },
        {
            "keyword": "\u043c\u043e\u0440\u0430\u043b\u0438",
            "synonyms": [
                "\u043c\u043e\u0440\u0430\u043b\u0438"
            ]
        },
        {
            "keyword": "\u043c\u043e\u0440\u0430\u043b\u044c",
            "synonyms": [
                "\u043c\u043e\u0440\u0430\u043b\u044c"
            ]
        },
        {
            "keyword": "\u043e\u0431\u0449\u0435\u0441\u0442\u0432\u0435",
            "synonyms": [
                "\u043e\u0431\u0449\u0435\u0441\u0442\u0432\u0435"
            ]
        },
        {
            "keyword": "\u043e\u0431\u0449\u0435\u0441\u0442\u0432\u043e",
            "synonyms": [
                "\u043e\u0431\u0449\u0435\u0441\u0442\u0432\u043e"
            ]
        },
        {
            "keyword": "\u043f\u0443\u0442\u0435\u0448\u0435\u0441\u0442\u0432\u0438\u0438 \u0441 \u0441\u0435\u043c\u044c\u0451\u0439",
            "synonyms": [
                "\u043f\u0443\u0442\u0435\u0448\u0435\u0441\u0442\u0432\u0438\u0438 \u0441 \u0441\u0435\u043c\u044c\u0451\u0439"
            ]
        },
        {
            "keyword": "\u0441\u0432\u0430\u0434\u044c\u0431\u0435",
            "synonyms": [
                "\u0432\u0430\u0434\u044c\u0431\u0435?"
            ]
        },
        {
            "keyword": "\u0441\u0435\u043c\u0435\u0439\u043d\u044b\u0435 \u0442\u0440\u0430\u0434\u0438\u0446\u0438\u0438",
            "synonyms": [
                "\u0441\u0435\u043c\u0435\u0439\u043d\u044b\u0435 \u0442\u0440\u0430\u0434\u0438\u0446\u0438\u0438",
                "\u0441\u0435\u043c\u0435\u0439\u043d\u044b\u0445 \u0442\u0440\u0430\u0434\u0438\u0446\u0438\u044f\u0445"
            ]
        },
        {
            "keyword": "\u0441\u0435\u043c\u044c\u0435",
            "synonyms": [
                "\u0441\u0435\u043c\u044c\u0435",
                "\u0441\u0435\u043c\u044c\u044f"
            ]
        },
        {
            "keyword": "\u0441\u0438\u043c\u0432\u043e\u043b\u0438\u043a\u0435",
            "synonyms": [
                "\u0441\u0438\u043c\u0432\u043e\u043b\u0438\u043a\u0435"
            ]
        },
        {
            "keyword": "\u0443\u0431\u043e\u0440\u043a\u0435 \u0434\u043e\u043c\u0430",
            "synonyms": [
                "\u0443\u0431\u043e\u0440\u043a\u0435 \u0434\u043e\u043c\u0430"
            ]
        },
        {
            "keyword": "\u0444\u043e\u0442\u043e\u0441\u0435\u0441\u0441\u0438\u044f\u0445",
            "synonyms": [
                "\u0444\u043e\u0442\u043e\u0441\u0435\u0441\u0441\u0438\u044f",
                "\u0444\u043e\u0442\u043e\u0441\u0435\u0441\u0441\u0438\u044f\u0445"
            ]
        }
    ]
}
