{
    "utterances": [
        {
            "text": "\u0427\u0442\u043e \u0442\u0430\u043a\u043e\u0435 \u0417\u0435\u043c\u043b\u044f?",
            "entities": [
                {
                    "entity": "rrel_entity:rrel_entity",
                    "start": 10,
                    "end": 15,
                    "body": "\u0417\u0435\u043c\u043b\u044f",
                    "entities": []
                }
            ],
            "traits": [],
            "intent": "earth"
        },
        {
            "text": "\u0427\u0442\u043e \u0442\u0430\u043a\u043e\u0435 \u0421\u043e\u043b\u043d\u0435\u0447\u043d\u0430\u044f \u0441\u0438\u0441\u0442\u0435\u043c\u0430?",
            "entities": [
                {
                    "entity": "rrel_entity:rrel_entity",
                    "start": 10,
                    "end": 19,
                    "body": "\u0421\u043e\u043b\u043d\u0435\u0447\u043d\u0430\u044f",
                    "entities": []
                },
                {
                    "entity": "rrel_entity:rrel_entity",
                    "start": 20,
                    "end": 27,
                    "body": "\u0441\u0438\u0441\u0442\u0435\u043c\u0430",
                    "entities": []
                }
            ],
            "traits": [],
            "intent": "solar_system"
        },
        {
            "text": "\u0427\u0442\u043e \u0442\u0430\u043a\u043e\u0435 \u042e\u043f\u0438\u0442\u0435\u0440?",
            "entities": [
                {
                    "entity": "rrel_entity:rrel_entity",
                    "start": 10,
                    "end": 16,
                    "body": "\u042e\u043f\u0438\u0442\u0435\u0440",
                    "entities": []
                }
            ],
            "traits": [],
            "intent": "jupiter"
        },
        {
            "text": "\u0427\u0442\u043e \u0442\u0430\u043a\u043e\u0435 \u0432\u0440\u0430\u0449\u0430\u0442\u044c\u0441\u044f?",
            "entities": [
                {
                    "entity": "rrel_entity:rrel_entity",
                    "start": 10,
                    "end": 19,
                    "body": "\u0432\u0440\u0430\u0449\u0430\u0442\u044c\u0441\u044f",
                    "entities": []
                }
            ],
            "traits": [],
            "intent": "rotate"
        },
        {
            "text": "\u0427\u0442\u043e \u0442\u0430\u043a\u043e\u0435 \u0437\u0432\u0435\u0437\u0434\u0430?",
            "entities": [
                {
                    "entity": "rrel_entity:rrel_entity",
                    "start": 10,
                    "end": 16,
                    "body": "\u0437\u0432\u0435\u0437\u0434\u0430",
                    "entities": []
                }
            ],
            "traits": [],
            "intent": "star"
        },
        {
            "text": "\u0427\u0442\u043e \u0442\u0430\u043a\u043e\u0435 \u043e\u0440\u0431\u0438\u0442\u0430?",
            "entities": [
                {
                    "entity": "rrel_entity:rrel_entity",
                    "start": 10,
                    "end": 16,
                    "body": "\u043e\u0440\u0431\u0438\u0442\u0430",
                    "entities": []
                }
            ],
            "traits": [],
            "intent": "orbit"
        },
        {
            "text": "\u0427\u0442\u043e \u0442\u0430\u043a\u043e\u0435 \u043f\u043b\u0430\u043d\u0435\u0442\u0430?",
            "entities": [
                {
                    "entity": "rrel_entity:rrel_entity",
                    "start": 10,
                    "end": 17,
                    "body": "\u043f\u043b\u0430\u043d\u0435\u0442\u0430",
                    "entities": []
                }
            ],
            "traits": [],
            "intent": "planet"
        },
        {
            "text": "\u0427\u0442\u043e \u0442\u0430\u043a\u043e\u0435 \u0441\u043e\u0434\u0435\u0440\u0436\u0430\u0442\u044c?",
            "entities": [
                {
                    "entity": "rrel_entity:rrel_entity",
                    "start": 10,
                    "end": 19,
                    "body": "\u0441\u043e\u0434\u0435\u0440\u0436\u0430\u0442\u044c",
                    "entities": []
                }
            ],
            "traits": [],
            "intent": "consist"
        }
    ]
}
