{
    "name": "rrel_entity",
    "roles": [
        "rrel_entity"
    ],
    "lookups": [
        "free-text",
        "keywords"
    ],
    "keywords": [
        {
            "keyword": "OSTIS",
            "synonyms": [
                "ostis"
            ]
        },
        {
            "keyword": "ZOOM",
            "synonyms": [
                "zoom"
            ]
        },
        {
            "keyword": "\u0412\u043e\u0439\u0442\u0438 \u0432 \u0430\u0439\u0442\u0438",
            "synonyms": [
                "\u0412\u043e\u0439\u0442\u0438 \u0432 \u0430\u0439\u0442\u0438"
            ]
        },
        {
            "keyword": "\u0430\u0439\u0442\u0438",
            "synonyms": [
                "\u0430\u0439\u0442\u0438"
            ]
        },
        {
            "keyword": "\u043a\u043e\u043d\u0444\u0435\u0440\u0435\u043d\u0438\u0446\u044f",
            "synonyms": [
                "\u043a\u043e\u043d\u0444\u0435\u0440\u0435\u043d\u0438\u0446\u044f"
            ]
        },
        {
            "keyword": "\u043a\u043e\u043d\u0444\u0435\u0440\u0435\u043d\u0446\u0438\u0438",
            "synonyms": [
                "\u043a\u043e\u043d\u0444\u0435\u0440\u0435\u043d\u0446\u0438",
                "\u043a\u043e\u043d\u0444\u0435\u0440\u0435\u043d\u0446\u0438\u0438"
            ]
        },
        {
            "keyword": "\u043a\u043e\u043d\u0444\u0435\u0440\u0435\u043d\u0446\u0438\u044f\u0445",
            "synonyms": [
                "\u043a\u043e\u043d\u0444\u0435\u0440\u0435\u043d\u0446\u0438\u044f\u0445"
            ]
        },
        {
            "keyword": "\u043e\u043d\u043b\u0430\u0439\u043d",
            "synonyms": [
                "\u043e\u043d\u043b\u0430\u0439\u043d"
            ]
        },
        {
            "keyword": "\u043e\u043d\u043b\u0430\u0439\u043d \u043a\u043e\u043d\u0444\u0435\u0440\u0435\u043d\u0446\u0438\u0439",
            "synonyms": [
                "\u043e\u043d\u043b\u0430\u0439\u043d \u043a\u043e\u043d\u0444\u0435\u0440\u0435\u043d\u0446\u0438\u0439"
            ]
        },
        {
            "keyword": "\u043e\u043d\u043b\u0430\u0439\u043d-\u043a\u043e\u043d\u0444\u0435\u0440\u0435\u043d\u0446\u0438\u0438",
            "synonyms": [
                "\u043e\u043d\u043b\u0430\u0439\u043d-\u043a\u043e\u043d\u0444\u0435\u0440\u0435\u043d\u0446\u0438\u0438"
            ]
        },
        {
            "keyword": "\u043e\u0447\u043d\u0430\u044f \u043a\u043e\u043d\u0444\u0435\u0440\u0435\u043d\u0446\u0438\u044f",
            "synonyms": [
                "\u043e\u0447\u043d\u0430\u044f \u043a\u043e\u043d\u0444\u0435\u0440\u0435\u043d\u0446\u0438\u044f"
            ]
        },
        {
            "keyword": "\u043e\u0447\u043d\u044b\u0445 \u043a\u043e\u043d\u0444\u0435\u0440\u0435\u043d\u0446\u0438\u0439",
            "synonyms": [
                "\u043e\u0447\u043d\u044b\u0445 \u043a\u043e\u043d\u0444\u0435\u0440\u0435\u043d\u0446\u0438\u0439"
            ]
        },
        {
            "keyword": "\u0441\u043a\u0430\u0439\u043f",
            "synonyms": [
                "\u0441\u043a\u0430\u0439\u043f"
            ]
        },
        {
            "keyword": "\u0441\u043a\u0430\u0439\u043f\u0435",
            "synonyms": [
                "\u0441\u043a\u0430\u0439\u043f\u0435"
            ]
        },
        {
            "keyword": "\u0441\u043e\u0431\u0440\u0430\u043d\u0438\u0438",
            "synonyms": [
                "\u0441\u043e\u0431\u0440\u0430\u043d\u0438\u0438"
            ]
        },
        {
            "keyword": "\u0441\u043e\u0432\u0435\u0449\u0430\u043d\u0438\u0438",
            "synonyms": [
                "\u0441\u043e\u0432\u0435\u0449\u0430\u043d\u0438\u0438"
            ]
        },
        {
            "keyword": "\u0441\u0440\u0435\u0434\u0441\u0442\u0432\u0430\u0445 \u0434\u043b\u044f \u043f\u0440\u043e\u0432\u0435\u0434\u0435\u043d\u0438\u044f",
            "synonyms": [
                "\u0441\u0440\u0435\u0434\u0441\u0442\u0432\u0430 \u0434\u043b\u044f \u043f\u0440\u043e\u0432\u0435\u0434\u0435\u043d\u0438\u044f",
                "\u0441\u0440\u0435\u0434\u0441\u0442\u0432\u0430\u0445 \u0434\u043b\u044f \u043f\u0440\u043e\u0432\u0435\u0434\u0435\u043d\u0438\u044f"
            ]
        },
        {
            "keyword": "\u0442\u0435\u043b\u0435\u0433\u0440\u0430\u043c\u043c",
            "synonyms": [
                "\u0442\u0435\u043b\u0435\u0433\u0440\u0430\u043c\u043c"
            ]
        }
    ]
}
