{
    "name": "rrel_entity",
    "roles": [
        "rrel_entity"
    ],
    "lookups": [
        "free-text",
        "keywords"
    ],
    "keywords": [
        {
            "keyword": "\u0417\u0435\u043c\u043b\u044f",
            "synonyms": [
                "\u0417\u0435\u043c\u043b\u044f"
            ]
        },
        {
            "keyword": "\u0421\u043e\u043b\u043d\u0435\u0447\u043d\u0430\u044f",
            "synonyms": [
                "\u0421\u043e\u043b\u043d\u0435\u0447\u043d\u0430\u044f"
            ]
        },
        {
            "keyword": "\u042e\u043f\u0438\u0442\u0435\u0440",
            "synonyms": [
                "\u042e\u043f\u0438\u0442\u0435\u0440"
            ]
        },
        {
            "keyword": "\u0432\u0440\u0430\u0449\u0430\u0442\u044c\u0441\u044f",
            "synonyms": [
                "\u0432\u0440\u0430\u0449\u0430\u0442\u044c\u0441\u044f"
            ]
        },
        {
            "keyword": "\u0437\u0432\u0435\u0437\u0434\u0430",
            "synonyms": [
                "\u0437\u0432\u0435\u0437\u0434\u0430"
            ]
        },
        {
            "keyword": "\u043e\u0440\u0431\u0438\u0442\u0430",
            "synonyms": [
                "\u043e\u0440\u0431\u0438\u0442\u0430"
            ]
        },
        {
            "keyword": "\u043f\u043b\u0430\u043d\u0435\u0442\u0430",
            "synonyms": [
                "\u043f\u043b\u0430\u043d\u0435\u0442\u0430"
            ]
        },
        {
            "keyword": "\u0441\u0438\u0441\u0442\u0435\u043c\u0430",
            "synonyms": [
                "\u0441\u0438\u0441\u0442\u0435\u043c\u0430"
            ]
        },
        {
            "keyword": "\u0441\u043e\u0434\u0435\u0440\u0436\u0430\u0442\u044c",
            "synonyms": [
                "\u0441\u043e\u0434\u0435\u0440\u0436\u0430\u0442\u044c"
            ]
        }
    ]
}
