{
    "name": "rrel_entity",
    "roles": [
        "rrel_entity"
    ],
    "lookups": [
        "free-text",
        "keywords"
    ],
    "keywords": [
        {
            "keyword": "1",
            "synonyms": [
                "1"
            ]
        },
        {
            "keyword": "2",
            "synonyms": [
                "2"
            ]
        },
        {
            "keyword": "a",
            "synonyms": [
                "a"
            ]
        },
        {
            "keyword": "asin2",
            "synonyms": [
                "asin2"
            ]
        },
        {
            "keyword": "b",
            "synonyms": [
                "b"
            ]
        },
        {
            "keyword": "sin2",
            "synonyms": [
                "sin2"
            ]
        }
    ]
}
