{
    "name": "rrel_entity",
    "roles": [
        "rrel_entity"
    ],
    "lookups": [
        "free-text",
        "keywords"
    ],
    "keywords": [
        {
            "keyword": "Dota 2",
            "synonyms": [
                "dota 2"
            ]
        },
        {
            "keyword": "League of Legends",
            "synonyms": [
                "league of legends"
            ]
        },
        {
            "keyword": "League of Legends European Championship 2019 Spring Season",
            "synonyms": [
                "league of legends european championship 2019 spring season"
            ]
        },
        {
            "keyword": "\u0442\u0443\u0440\u043d\u0438\u0440 Dota 2",
            "synonyms": [
                "\u0442\u0443\u0440\u043d\u0438\u0440 dota 2",
                "\u0442\u0443\u0440\u043d\u0438\u0440\u044b dota 2"
            ]
        },
        {
            "keyword": "\u0442\u0443\u0440\u043d\u0438\u0440\u044b Dota 2",
            "synonyms": [
                "\u0442\u0443\u0440\u043d\u0438\u0440\u044b dota 2"
            ]
        }
    ]
}
